name,get1,get2,sort
3だんゆきだるま,ゆきだるま,nil,かぐ
アイアンアーマー,どうぶつ(コワイ男),レシピ習得数100,そうび
アイアンアーマーシューズ,どうぶつ(コワイ男),レシピ習得数100,そうび
アイアンアーマーヘルメット,どうぶつ(コワイ男),レシピ習得数100,そうび
アイアンウォールラック,どうぶつ(キザ男),レシピ習得数50,かべかけ
アイアンウォールランプ,レシピ集「こんなモノまで⁈DIY」,nil,かべかけ
アイアンウッドDIYテーブル,どうぶつ(コワイ男),レシピ習得数100,かぐ
アイアンウッドカップボード,どうぶつ(オトナ女),レシピ習得数100,かぐ
アイアンウッドキッチン,レシピ集「こんなモノまで⁈DIY」,nil,かぐ
アイアンウッドクロック,どうぶつ(ギザ男),nil,かぐ
アイアンウッドチェア,どうぶつ(キザ男),nil,かぐ
アイアンウッドチェスト,どうぶつ(オトナ女),nil,かぐ
アイアンウッドテーブル,どうぶつ(コワイ男),nil,かぐ
アイアンウッドベッド,どうぶつ(キザ男),nil,かぐ
アイアンウッドローテーブル,どうぶつ(オトナ女),nil,かぐ
アイアンウッドワゴン,どうぶつ(キザ男),nil,かぐ
アイアンガーデンチェア,どうぶつ(アネキ女),どうぶつ移住イベント,かぐ
アイアンガーデンテーブル,どうぶつ(アネキ女),どうぶつ移住イベント,かぐ
アイアンガーデンベンチ,どうぶつ(アネキ女),nil,かぐ
アイアンクロゼット,どうぶつ(アネキ女),nil,かぐ
アイアンシェルフ,どうぶつ(アネキ女),nil,かぐ
アイアンなドアプレート,どうぶつ(アネキ女),nil,かべかけ
アイアンハンガースタンド,どうぶつ(アネキ女),nil,かぐ
アイアンワークテーブル,どうぶつ(アネキ女),nil,かぐ
アイスキャンディー,ゆきだるま,nil,こもの
アイスなかべがみ,ゆきだるま,nil,かべ・ゆか・ラグ
アイスなゆか,ゆきだるま,nil,かべ・ゆか・ラグ
あおいバラのリース,どうぶつ(すべての性格),nil,かべかけ
あかいおちば,季節「もみじのはっぱ」,,かぐ
あきかんカリンバ,「あきかん」を3個釣り上げる,nil,こもの
アクエリアスのみずがめ,フーコ,nil,かぐ
アコースティックギター,どうぶつ(キザ男),nil,かぐ
アストロノーツ,フーコ,nil,かぐ
アネモネのかんむり,どうぶつ(すべての性格),nil,そうび
アネモネのかんむり・クール,どうぶつ(すべての性格),レシピ習得数100,そうび
アネモネのかんむり・パープル,どうぶつ(すべての性格),レシピ習得数200,そうび
アネモネのステッキ,フーコ,nil,どうぐ
アネモネのせんぷうき,どうぶつ(ぼんやり男),レシピ習得数50,こもの
アネモネのリース,フーコ,レシピ習得数50,かべかけ
あみ,レシピ集「フツーにつかえる！どうぐレシピ」,nil,どうぐ
アリエスのもくば,フーコ,nil,かぐ
アロマポット,どうぶつ(オトナ女),nil,こもの
イースターなアーチ,イースターイベント,nil,かぐ
イースターなウォールクロック,イースターイベント,nil,かべかけ
イースターなかべがみ,イースターイベント,nil,かべ・ゆか・ラグ
イースターなかんむり,イースターイベント,nil,そうび
イースターなクロゼット,イースターイベント,nil,どうぐ
イースターなさく,イースターイベント,nil,そのほか
イースターなスツール,イースターイベント,nil,かぐ
イースターなステッキ,イースターイベント,nil,どうぐ
イースターなテーブル,イースターイベント,nil,かぐ
イースターなドレッサー,イースターイベント,nil,かぐ
イースターなバッグ,イースターイベント,nil,そうび
イースターなバルーンA,イースターイベント,nil,かぐ
イースターなバルーンB,イースターイベント,nil,かぐ
イースターなベッド,イースターイベント,nil,かぐ
イースターなゆか,イースターイベント,nil,かべ・ゆか・ラグ
イースターなライトガーランド,イースターイベント,nil,かぐ
イースターなラグ,イースターイベント,nil,かべ・ゆか・ラグ
イースターなランプ,イースターイベント,nil,かぐ
イースターなリース,イースターイベント,nil,かべかけ
いしかべ,たぬきマイル交換,nil,そのほか
いしがま,レシピ集「こんなものまで?!DIY」,nil,かぐ
いしのオノ,レシピ集「フツーにつかえる！どうぐレシピ」,nil,どうぐ
いしのかべ,どうぶつ(キザ男),nil,かべ・ゆか・ラグ
いしのスツール,レシピ集「はじめてのDIYレシピ」,nil,かぐ
いしのテーブル,どうぶつ(ぼんやり男),どうぶつ移住イベント,かぐ
いしのみずうけ,どうぶつ(オトナ女),nil,かぐ
いしのみずうけ～さくら～,季節「さくら」,nil,かぐ
みずうけの～もみじ～,季節「もみじ」,nil,かぐ
いちまいいたのかんばん,どうぶつ(コワイ男),レシピ取得数50,かべかけ
いぬごや,どうぶつ(ハキハキ男),nil,かぐ
いろり,レシピ集「こんなモノまで?!DIY」,nil,かぐ
いんせき,フーコ,nil,かぐ
ヴァルゴのハープ,フーコ,nil,かぐ
ウクレレ,どうぶつ(キザ男),nil,こもの
うちゅうせんのかべ,フーコ,nil,かべかけ
うちゅうせんのゆか,フーコ,nil,かべかけ
ウッディなかべ,どうぶつ(ハキハキ男),nil,かべかけ
うみのそこのゆか,季節「なつのかいがら」,nil,かべかけ
えんげいワゴン,どうぶつ(元気女),nil,かぐ
エンブレムなドアプレート,どうぶつ(キザ男),レシピ取得数50,かべかけ
おうごんのかべ,どうぶつ(キザ男),レシピ習得数100,かべ・ゆか・ラグ
おうごんのしょくだい,どうぶつ(キザ男),nil,こもの
おうごんのしょっき,どうぶつ(オトナ女),nil,こもの
おうごんのステッキ,フーコ,nil,どうぐ
おうごんのトイレ,どうぶつ(オトナ女),レシピ習得数200,かぐ
おうごんのはぐるま,どうぶつ(キザ男),レシピ習得数50,かべかけ
おうごんおひつぎ,どうぶつ(キザ男),レシピ習得数200,かぐ
おうごんのベンチ,どうぶつ(オトナ女),レシピ習得数200,かぐ
おうごんのゆか,どうぶつ(キザ男),レシピ習得数100,かべ・ゆか・ラグ
おおきなきのみのツリー,季節「ももじのはっぱ」,nil,かぐ
おおきなクリスマスツリー,季節「オーナメント」,nil,かぐ
オーナメントのモビール,季節「オーナメント」,nil,かべかけ
オーナメントのリース,季節「オーナメント」,nil,かべかけ
オカリナ,レシピ集「はじめてのDIYレシピ」,nil,そのほか
おくすり,ハチに刺された顔で住民に話しかける,nil,そのほか
おちば,季節「どんぐり/まつぼっくり」,nil,かぐ
おちばのたきび,季節「もみじのはっぱ」,nil,かぐ
おとしあなのタネ,どうぶつ(ハキハキ男),レシピ習得数100,そのほか
オノ,レシピ「フツーにつかえる！どうぐレシピ」,nil,どうぐ
おはなみセット,季節「さくらのはなびら」,nil,かぐ
おはなみのちょうちん,季節「さくらのはなびら」,nil,かぐ
おへやのゆか,「ながぐつ」「あきカン」「タイヤ」を計15個釣り上げる,nil,かべ・ゆか・ラグ
おほしさまのあたま,フーコ,nil,そうび
おまつりのコマ,季節「オーナメント」,nil,こもの
おり,どうぶつ(コワイ男),nil,かぐ
オリエンタルなさく,「たぬきマイル交換」,nil,そのほか
オレンジのかさ,どうぶつ(ぼんやり男),nil,そうび
オレンジのかべかけどけい,どうぶつ(ぼんやり男),レシピ習得数100,かべかけ
オレンジのかべがみ,どうぶつ(ぼんやり男),レシピ習得数100,かべ・ゆか・ラグ
オレンジのサイドテーブル,どうぶつ(ぼんやり男),レシピ習得数100,かぐ
オレンジのふく,どうぶつ(ぼんやり男),レシピ習得数101,そうび
オレンジのぼうし,どうぶつ(ぼんやり男),レシピ習得数102,そうび
オレンジのラグ,どうぶつ(ぼんやり男),レシピ習得数103,かべ・ゆか・ラグ
ガーデンベンチ,どうぶつ(オトナ女),nil,かぐ
かいがらのアーチ,どうぶつ(ぼんやり男),レシピ習得数100,かぐ
かいがらのスクリーン,どうぶつ(アネキ女),nil,かぐ
かいがらのスツール,どうぶつ(アネキ女),nil,かぐ
かいがらのステッキ,季節「なつのかいがら」,nil,どうぐ
かいがらのスピーカー,どうぶつ(アネキ女),nil,かぐ
かいがらのテーブル,どうぶつ(元気女),nil,かぐ
かいがらのふんすい,どうぶつ(ぼんやり男),nil,かぐ
かいがらのベッド,どうぶつ(元気女),nil,かぐ
かいがらのラグ,どうぶつ(元気女),nil,かべ・ゆか・ラグ
かいがらのランプ,どうぶつ(アネキ女),nil,こもの
かいがらのリース,季節「なつのかいがら」,nil,かべかけ
かいがらポシェット,季節「なつのかいがら」,nil,そうび
かかし,どうぶつ(コワイ男),nil,かぐ
かさたて,どうぶつ(コワイ男),nil,かぐ
かさぼうし,どうぶつ(コワイ男),nil,そうび
かせきのドアプレート,どうぶつ(ハキハキ男),レシピ習得数50,かべかけ
カッティングボード,どうぶつ(普通女),nil,こもの
カプリコーンのおきもの,フーコ,nil,かぐ
かべかけのはっぱ,レシピ集「チャレン！DIYレシピ」,nil,かべかけ
かめ,どうぶつ(コワイ男),どうぶつ移住イベント,こもの
かわいいクリスマスツリー,季節「オーナメント」,nil,かぐ
キーハンガー,どうぶつ(アネキ女),レシピ習得数50,かべかけ
きいろのおちば,季節「どんぐり/まつぼっくり」,nil,かぐ
キクのかんむり,どうぶつ(すべての性格),nil,そうび
キムのかんむり・シック,どうぶつ(すべての性格),レシピ習得数100,そうび
キクのかんむり・シンプル,どうぶつ(すべての性格),レシピ習得数200,そうび
キクのクッション,どうぶつ(元気女),レシピ習得数50,かぐ
きくのステッキ,フーコ,nil,どうぐ
キクのリース,どうぶつ(すべての性格),レシピ習得数50,かべかけ
きのえだのステッキ,フーコ,nil,どうぐ
きのえだのリース,どうぶつ(アネキ女),レシピ習得数50,かべかけ
キノコのかさ,季節「きのこ」,nil,そうび
キノコのかべがみ,季節「きのこ」,nil,そうび
キノコのげんぼく,季節「きのこ」,nil,かぐ
キノコのスクリーン,季節「きのこ」,nil,かぐ
キノコのスツール,季節「きのこ」,nil,かぐ
キノコのステッキ,季節「きのこ」,nil,どうぐ
キノコのテーブル,季節「きのこ」,nil,かぐ
キノコのパラソル,季節「きのこ」,nil,かぐ
キノコのもりのかべ,季節「きのこ」,nil,かべ・ゆか・ラグ
キノコのもりのゆか,季節「きのこ」,nil,かべ・ゆか・ラグ
キノコのランプ,季節「きのこ」,nil,かぐ
キノコのリース,季節「きのこ」,nil,かべかけ
きのみのアーチ,季節「どんぐり/まつぼっくり」,nil,かぐ
きのみのモビール,季節「どんぐり/まつぼっくり」,nil,かべかけ
きのみのランプ,季節「どんぐり/まつぼっくり」,nil,こもの
キャンサーのテーブル,フーコ,nil,かぐ
キャンプファイア,どうぶつ(コワイ男),ムシ・サカナイベント(２匹目),かぐ
キュートなコスモスのリース,どうぶつ(すべての性格),レシピ習得数100,かべかけ
キュートなチューリップのリース,どうぶつ(すべての性格),レシピ習得数100,かべかけ
ぎんがけいのゆか,フーコ,nil,かべ・ゆか・ラグ
きんのあみ,ムシ図鑑をコンプリートする,nil,どうぐ
きんのアロワナ,どうぶつ(ぼんやり男),nil,かぐ
きんのオノ,オノを100個壊す,nil,どうぐ
きんのジョウロ,島の評判が「五つ星」になったときにしずえからもらえる,nil,どうぐ
きんのスカラベ,どうぶつ(ぼんやり男),レシピ習得数100,こもの
きんのスコップ,ジョニーを３０回助ける,nil,どうぐ
きんのつりざお,サカナ図鑑をコンプリートする,nil,どうぐ
きんののべぼう,どうぶつ(オトナ女),レシピ習得数100,こもの
きんのパチンコ,風船を３００個割る,nil,どうぐ
きんのバラのリース,どうぶつ(すべての性格),レシピ習得数200,かべかけ
きんのまねきねこ,どうぶつ(オトナ女),レシピ習得数100,こもの
きんぱくのふすま,どうぶつ(キザ男),レシピ習得数100,かべ・ゆか・ラグ
クールなアネモネのリース,どうぶつ(すべての性格),レシピ習得数100,かべかけ
クールなパンジーのリース,どうぶつ(すべての性格),レシピ習得数200,かべかけ
クールなヒヤシンスのリース,どうぶつ(すべての性格),レシピ習得数100,かべかけ
くさあみリュック,どうぶつ(普通女),nil,そうび
くまのトクダイちゃん,どうぶつ(元気女),レシピ習得数100,かぐ
クリスマスキャンドル,季節「オーナメント」,nil,こもの
クリスマスなかべ,季節「オーナメント」,nil,かべ・ゆか・ラグ
げつめんいどうしゃ,フーコ,nil,かぐ
げつめんのゆか,フーコ,nil,かべ・ゆか・ラグ
ケトルベル,どうぶつ(ハキハキ男),nil,こもの
ゲレンデなかべがみ,季節「ゆきのけっしょう」,nil,かべ・ゆか・ラグ
ゲレンデのゆか,季節「ゆきのけっしょう」,nil,かべ・ゆか・ラグ
こうようのかべ,季節「もみじのはっぱ」,nil,かべ・ゆか・ラグ
こうようのゆか,季節「もみじのはっぱ」,nil,かべ・ゆか・ラグ
ごえもんぶろ,どうぶつ(コワイ男),nil,かぐ
こおりのアーチ,ゆきだるま,nil,かぐ
こおりのアート,ゆきだるま,nil,かぐ
こおりのイス,ゆきだるま,nil,かぐ
こおりのカウンター,ゆきだるま,nil,かぐ
こおりのステッキ,ゆきだるま,nil,どうぐ
こおりのツリー,ゆきだるま,nil,かぐ
こおりのテーブル,ゆきだるま,nil,かぐ
こおりのパーテーション,ゆきだるま,nil,かぐ
こおりのはしら,ゆきだるま,nil,かぐ
こおりのベッド,ゆきだるま,nil,かぐ
ゴールデンアーマー,どうぶつ(キザ男),レシピ習得数100,そうび
ゴールデンアーマーシューズ,どうぶつ(キザ男),レシピ習得数200,そうび
ゴールデンアーマーヘルメット,どうぶつ(キザ男),レシピ習得数200,そうび
こげちゃのヘリンボーンのかべ,どうぶつ(キザ男),nil,かべ・ゆか・ラグ
こけむしたにわいし,どうぶつ(ぼんやり男),nil,かぐ
ココナッツジュース,どうぶつ(オトナ女),nil,こもの
こしみの,どうぶつ(普通女),nil,そうび
コスモスのかんむり,どうぶつ(すべての性格),nil,そうび
コスモスのかんむり・ダーク,どうぶつ(すべての性格),レシピ習得数200,そうび
こすもすのかんむり・ラブリー,どうぶつ(すべての性格),レシピ習得数100,そうび
コスモスのシャワー,どうぶつ(オトナ女),レシピ習得数50,かぐ
コスモスのステッキ,フーコ,nil,どうぐ
コスモスのリース,どうぶつ(すべての性格),レシピ習得数50,かべかけ
ゴミのやまなかべ,「ながぐつ」「あきカン」「タイヤ」を計15個釣り上げる,nil,かべ・ゆか・ラグ
ゴミぶくろ,「ながぐつ」「あきカン」「タイヤ」を計15個釣り上げる,nil,こもの
サイロ,たぬきマイル交換,nil,かぐ
サウナストーブ,どうぶつ(ぼんやり男),nil,かぐ
サカナのまきエサ,「アサリ」を掘り起こす,nil,そのほか
さくらクロック,季節「さくらのはなびら」,nil,かべかけ
さくらなみきのかべ,季節「さくらのはなびら」,nil,かべ・ゆか・ラグ
さくらのウッドウォール,季節「さくらのはなびら」,nil,かべ・ゆか・ラグ
さくらのウッドフローリング,季節「さくらのはなびら」,nil,かべ・ゆか・ラグ
さくらのえだ,季節「さくらのはなびら」,nil,かぐ
さくらのかさ,季節「さくらのはなびら」,nil,そうび
さくらのじゅうたん,季節「さくらのはなびら」,nil,かべ・ゆか・ラグ
さくらのステッキ,季節「さくらのはなびら」,nil,どうぐ
さくらのはなびらのやま,季節「さくらのはなびら」,nil,かぐ
さくらのポシェット,季節「さくらのはなびら」,nil,そうび
さくらのぼんさい,季節「さくらのはなびら」,nil,かぐ
さくらんぼのかさ,どうぶつ(元気女),レシピ習得数100,そうび
さくらんぼのかべがみ,どうぶつ(元気女),レシピ習得数100,かべ・ゆか・ラグ
さくらんぼのスピーカー,どうぶつ(元気女),レシピ習得数100,こもの
さくらんぼのふく,どうぶつ(元気女),レシピ習得数100,そうび
さくらんぼのぼうし,どうぶつ(元気女),レシピ習得数100,そうび
さくらんぼのラグ,どうぶつ(元気女),レシピ習得数100,かべ・ゆか・ラグ
さくらんぼのランプ,どうぶつ(元気女),レシピ習得数100,かべかけ
サジタリアスのや,フーコ,nil,かべかけ
ざっしのたば,どうぶつ(元気女),レシピ習得数100,こもの
ざぶとんのやま,どうぶつ(コワイ男),レシピ習得数100,かぐ
さんどがさ,どうぶつ(キザ男),nil,かべかけ
ジェミニのクロゼット,フーコ,nil,かぐ
しかのオブジェ,どうぶつ(ぼんやり男),レシピ習得数50,かべかけ
ししおどし,どうぶつ(コワイ男),レシピ習得数50,かぐ
シックなアネモネのリース,どうぶつ(すべての性格),レシピ習得数200,かべかけ
シックなコスモスのリース,どうぶつ(すべての性格),レシピ習得数200,かべかけ
しばふのゆか,どうぶつ(元気女),nil,かべ・ゆか・ラグ
ジャングルのかべがみ,どうぶつ(ハキハキ男),nil,かべ・ゆか・ラグ
ジャングルのゆか,どうぶつ(ハキハキ男),nil,かべ・ゆか・ラグ
じゅかいなかべ,どうぶつ(普通女),nil,かべ・ゆか・ラグ
しょいこ,季節「はるのわかたけ」,nil,かべかけ
しょうはブロック,たぬきマイル交換,nil,かぐ
ジョウロ,レシピ集「フツーにつかえる！どうぐレシピ」,nil,どうぐ
ショボいあみ,案内所でDIYワークショップを受ける,nil,どうぐ
ショボいオノ,ムシ・サカナイベント(２匹目),nil,どうぐ
ショボいじょうろ,ムシ・サカナイベント(4匹目),ショップ,どうぐ
ショボいスコップ,フータと初会話時(島民代表のみ),ショップ,どうぐ
ショボいつりざお,案内所でDIYワークショップを受ける,nil,どうぐ
しょるいのやま,どうぶつ(キザ男),レシピ習得数100,こもの
じんこうえいせい,フーコ,nil,かぐ
シンプルないど,たぬきマイル交換,nil,かぐ
すいちゅうのかべがみ,季節「なつのかいがら」,nil,かべ・ゆか・ラグ
スコーピオのランプ,,nil,こもの
スコップ,レシピ集「フツーにつかえる！どうぐレシピ」,nil,どうぐ
スタークロック,フーコ,nil,こもの
スターなガーランド,フーコ,nil,かべかけ
スターなかべ,フーコ,nil,かべ・ゆか・ラグ
スターなステッキ,フーコ,nil,どうぐ
スターなポシェット,フーコ,nil,そうび
スターライト,フーコ,nil,こもの
スタンドフラワー,どうぶつ(アネキ女),nil,かぐ
ステッキ,フーコ,nil,どうぐ
ストーンアーチ,たぬきマイル交換,nil,かぐ
ストリートピアノ,どうぶつ(アネキ女),レシピ習得数100,かぐ
すなはまのゆか,どうぶつ(ハキハキ男),nil,かべ・ゆか・ラグ
スノーフレークのかべがみ,季節「ゆきのけっしょう」,nil,かべ・ゆか・ラグ
スノーフレークポシェット,季節「ゆきのけっしょう」,nil,そうび
すばこすばこ,どうぶつ(元気女),ムシ・サカナイベント(２匹目),かぐ
スペースシャトル,フーコ,nil,かぐ
すやきのしょっき,どうぶつ(オトナ女),nil,こもの
スワッグ,どうぶつ(普通女),レシピ習得数50,かべかけ
せいろ,季節「はるのわかたけ」,nil,こもの
せおいばしご,どうぶつ(ハキハキ男),nil,そうび
せかいのみちしるべ,たぬきマイル交換,nil,かぐ
せきしし,どうぶつ(キザ男),レシピ習得数100,かぐ
せきひ,たぬきマイル交換,nil,かぐ
せんたくおけ,レシピ集「はじめてのDIYレシピ」,nil,こもの
そぼくなせんめんだい,レシピ集「こんなモノまで?!DIY」,nil,かぐ
そぼくなもくせいかんばん,どうぶつ(ハキハキ男),nil,かぐ
そぼくなもくせいのさく,たぬきマイル交換,nil,そのほか
そぼくなDIY作業台,どうぶつ(ハキハキ男),ニンテンドーからの手紙(島民代表のみ),かぐ
そらとぶえんばん,フーコ,nil,かぐ
そり,どうぶつ(コワイ男),nil,かぐ
ダークなチューリップのリース,どうぶつ(すべての性格),レシピ習得数200,かべかけ
ダークなバラのリース,どうぶつ(すべての性格),レシピ習得数200,かべかけ
ダークなパンブーラグ,どうぶつ(コワイ男),レシピ習得数50,かべ・ゆか・ラグ
ダークなユリのリース,どうぶつ(すべての性格),レシピ習得数200,かべかけ
ダークなよせぎのかべ,どうぶつ(アネキ女),nil,かべ・ゆか・ラグ
たいまつ,どうぶつ(コワイ男),ムシ・サカナイベント(２匹目),かぐ
タイヤのゆうぐ,タイヤを釣り上げる,nil,かぐ
タウラスのバスタブ,フーコ,nil,かぐ
たかいにわいし,どうぶつ(オトナ女),nil,かぐ
たかとびぼう,フータと初会話時(島民代表のみ),ショップ,どうぐ
たきび,案内所でDIYワークショップを受ける,nil,かぐ
たけがき,たぬきマイル交換,nil,そのほか
たけのいちりんざし,どうぶつ(ハキハキ男),レシピ習得数50,かべかけ
たけのかご,どうぶつ(オトナ女),レシピ習得数50,かぐ
たけのキャンドルホルダー,どうぶつ(オトナ女),レシピ習得数50,こもの
たけのくるまどめ,どうぶつ(ハキハキ男),レシピ習得数50,かぐ
たけのこランプ,季節「はるのわかたけ」,nil,こもの
たけのシェルフ,どうぶつ(オトナ女),レシピ習得数50,かぐ
たけのスクリーン,どうぶつ(コワイ男),レシピ習得数50,かぐ
たけのスツール,どうぶつ(オトナ女),レシピ習得数50,かぐ
たけのステッキ,季節「はるのわかたけ」,nil,どうぐ
たけのスピーカー,どうぶつ(オトナ女),レシピ習得数50,かぐ
たけのビックリばこ,季節「はるのわかたけ」,nil,かぐ
たけのフロアスタンド,どうぶつ(普通女),レシピ習得数50,かぐ
たけのベンチ,どうぶつ(普通女),レシピ習得数50,かぐ
たけのべんとうばこ,どうぶつ(オトナ女),レシピ習得数50,こもの
たけのまり,どうぶつ(普通女),レシピ習得数50,こもの
たていたのさく,たぬきマイル交換,nil,そのほか
たにくしょくぶつ,あきかんをつりあげる,nil,こもの
たぬきのおきもの,どうぶつ(コワイ男),nil,かぐ
たる,どうぶつ(コワイ男),どうぶつ移住イベント,かぐ
ダンボールソファ,どうぶつ(元気女),nil,かぐ
ダンボールチェア,どうぶつ(ぼんやり男),nil,かぐ
ダンボールテーブル,どうぶつ(元気女),nil,かぐ
ダンボールベッド,どうぶつ(ぼんやり男),nil,かぐ
ちいさなきのみのツリー,季節「どんぐり/まつぼっくり」,nil,こもの
ちいさなDIYさぎょうだい,レシピ集「チャレンジ！DIYレシピ」,nil,かぐ
ちかしつのゆか,どうぶつ(キザ男),nil,かべ・ゆか・ラグ
ちくりんのかべ,季節「はるのわかたけ」,nil,かべ・ゆか・ラグ
ちゃいろいヘリンボーンのかべ,どうぶつ(アネキ女),nil,かべ・ゆか・ラグ
ちゃくりくせん,フーコ,nil,かぐ
ちゃぶだい,どうぶつ(コワイ男),nil,かぐ
チューリップのかんむり,どうぶつ(すべての性格),nil,そうび
チューリップのかんむり・シック,どうぶつ(すべての性格),レシピ習得数100,そうび
チューリップのかんむり・ダーク,どうぶつ(すべての性格),レシピ習得数200,そうび
チューリップのステッキ,フーコ,nil,どうぐ
チューリップのビックリばこ,どうぶつ(ハキハキ男),レシピ習得数50,かぐ
チューリップのリース,どうぶつ(すべての性格),レシピ習得数50,かべかけ
ちらばったかみ,どうぶつ(キザ男),レシピ習得数100,かぐ
つき,フーコ,nil,かぐ
つまれたタイヤ,タイヤを３個釣り上げる,nil,かぐ
つまれたほん,どうぶつ(ぼんやり男),レシピ習得数100,こもの
つみきウォールクロック,どうぶつ(元気女),レシピ習得数50,かべかけ
つみきコンポ,レシピ集「チャレンジ！DIYレシピ」,nil,かぐ
つみきスツール,どうぶつ(元気女),nil,かぐ
つみきチェア,レシピ集「チャレンジ！DIYレシピ」,nil,かぐ
つみきチェスト,どうぶつ(普通女),nil,かぐ
つみきテーブル,どうぶつ(アネキ女),どうぶつ移住イベント,かぐ
つみきのおもちゃ,レシピ集「はじめてのDIYレシピ」,nil,こもの
つみきブックシェルフ,レシピ集「チャレンジ！DIYレシピ」,nil,かぐ
つみきベッド,どうぶつ(普通女),nil,かぐ
つみきベンチ,どうぶつ(アネキ女),nil,かぐ
ツリーのイルミネーション,季節「オーナメント」,nil,かぐ
つりざお,レシピ集「フツーにつかえる！どうぐレシピ」,nil,どうぐ
テーブルクリスマスツリー,季節「オーナメント」,nil,こもの
ておしぐるま,どうぶつ(ぼんやり男),nil,かぐ
ておしポンプ,どうぶつ(ぼんやり男),どうぶつ移住イベント,かぐ
デコイ,どうぶつ(キザ男),nil,こもの
てっこつ,どうぶつ(ハキハキ男),nil,かぐ
てつのさく,どうぶつ(キザ男),nil,かべ・ゆか・ラグ
てつのステッキ,フーコ,nil,どうぐ
てっぱんのゆか,どうぶつ(キザ男),nil,そうび
テラリウム,どうぶつ(普通女),nil,こもの
とうきのジャグ,どうぶつ(オトナ女),どうぶつ移住イベント,こもの
とうろう,どうぶつ(キザ男),レシピ習得数100,かぐ
トゲトゲのさく,たぬきマイル交換,nil,そのほか
トナカイのイルミネーション,季節「オーナメント」,nil,かぐ
どら,どうぶつ(コワイ男),nil,かぐ
ドラムかんぶろ,どうぶつ(ハキハキ男),レシピ習得数100,かぐ
とりかご,どうぶつ(アネキ女),nil,かぐ
トロフィーケース,どうぶつ(ハキハキ男),レシピ習得数100,かぐ
どんぐりポシェット,季節「どんぐり/まつぼっくり」,nil,そうび
ながしそうめん,季節「はるのわかたけ」,nil,かぐ
ナシのかさ,どうぶつ(ハキハキ男),レシピ習得数100,そうび
ナシのかべがみ,どうぶつ(ハキハキ男),レシピ習得数100,かべ・ゆか・ラグ
ナシのクロゼット,どうぶつ(ハキハキ男),レシピ習得数100,かぐ
ナシのふく,どうぶつ(ハキハキ男),レシピ習得数100,そうび
ナシのベッド,どうぶつ(ハキハキ男),レシピ習得数100,かぐ
ナシのぼうし,どうぶつ(ハキハキ男),レシピ習得数100,そうび
ナシのラグ,どうぶつ(ハキハキ男),レシピ習得数100,かべ・ゆか・ラグ
ナチュアルなガーデンチェア,どうぶつ(元気女),どうぶつ移住イベント,かぐ
ナチュアルなガーデンテーブル,どうぶつ(普通女),どうぶつ移住イベント,かぐ
ナチュラルなキクのリース,どうぶつ(すべての性格),レシピ習得数200,かべかけ
ナチュラルなスクエアテーブル,どうぶつ(普通女),nil,かぐ
ナナメのみちしるべ,どうぶつ(ぼんやり男),レシピ習得数100,かぐ
にくきゅうのドアプレート,どうぶつ(元気女),レシピ習得数50,かべかけ
ねんどのおもちゃ,どうぶつ(コワイ男),nil,こもの
バードバス,どうぶつ(オトナ女),どうぶつ移住イベント,かぐ
バーベル,どうぶつ(ハキハキ男),nil,かぐ
パームツリーランプ,どうぶつ(オトナ女),nil,かぐ
はしご,どうぶつ移住イベント,ショップ,どうぐ
バターかくはんき,どうぶつ(オトナ女),nil,かぐ
ハチミツなゆか,どうぶつ(ハキハキ男),nil,かべ・ゆか・ラグ
パチンコ,ショップ,nil,どうぐ
はっぱ,どうぶつ(ハキハキ男),nil,そうび
はっぱのおめん,どうぶつ(元気女),nil,そうび
はっぱのかさ,どうぶつ(アネキ女),nil,そうび
バラのかんむり,どうぶつ(すべての性格),nil,そうび
バラのかんむり・キュート,どうぶつ(すべての性格),レシピ習得数100,そうび
バラのかんむり・ゴールド,どうぶつ(すべての性格),レシピ習得数200,そうび
バラのかんむり・シック,どうぶつ(すべての性格),レシピ習得数200,そうび
バラのかんむり・ブルー,どうぶつ(すべての性格),レシピ習得数200,そうび
バラのステッキ,フーコ,nil,どうぐ
バラのベッド,どうぶつ(キザ男),レシピ習得数50,かぐ
バラのリース,どうぶつ(すべての性格),レシピ習得数50,かべかけ
ハリボテのいけがき,どうぶつ(普通女),nil,かぐ
ハリボテのき,どうぶつ(ハキハキ男),nil,かぐ
ハリボテのくさ,どうぶつ(ハキハキ男),nil,かぐ
ハリボテのやま,どうぶつ(普通女),nil,かぐ
ハンギングテラリウム,どうぶつ(元気女),レシピ習得数50,かべかけ
パンジーのかんむり,どうぶつ(すべての性格),nil,そうび
パンジーのかんむり・クール,どうぶつ(すべての性格),レシピ習得数100,そうび
パンジーのかんむり・パープル,どうぶつ(すべての性格),レシピ習得数200,そうび
パンジーのステッキ,フーコ,nil,どうぐ
パンジーのテーブル,どうぶつ(普通女),レシピ習得数50,かぐ
パンジーのリース,どうぶつ(すべての性格),レシピ習得数50,かべかけ
バンブードラム,どうぶつ(ハキハキ男),レシピ習得数50,こもの
バンブーなかべ,どうぶつ(コワイ男),レシピ習得数50,かべ・ゆか・ラグ
バンブーなゆか,どうぶつ(コワイ男),レシピ習得数50,かべ・ゆか・ラグ
パンフルート,季節「はるのわかたけ」,nil,そうび
ビーハイブな壁,どうぶつ(ハキハキ男),nil,かべ・ゆか・ラグ
ヒーローロボ,たぬきマイル交換,nil,かぐ
ひくいにわいし,どうぶつ(オトナ女),nil,かぐ
ピスケスのランプ,フーコ,nil,かぐ
ひっこしダンボールL,どうぶつ(ぼんやり男),nil,かぐ
ひっこしダンボールM,どうぶつ(ぼんやり男),nil,かぐ
ひっこしダンボールS,どうぶつ(ぼんやり男),nil,かぐ
ヒヤシンスのかんむり,どうぶつ(すべての性格),nil,そうび
ヒヤシンスのかんむり・クール,どうぶつ(すべての性格),レシピ習得数100,そうび
ヒヤシンスのかんむり・パープル,どうぶつ(すべての性格),レシピ習得数200,そうび
ヒヤシンスのステッキ,フーコ,nil,どうぐ
ヒヤシンスのリース,どうぶつ(アネキ女),レシピ習得数50,こもの
ひょうざんのかべ,季節「ゆきのけっしょう」,nil,かべ・ゆか・ラグ
ぴょんたろうのおきあがりこぼし,イースターイベント,nil,かぐ
ファンシーなキクのリース,どうぶつ(すべての性格),レシピ習得数100,かべかけ
ファンシーなバラのリース,どうぶつ(すべての性格),レシピ習得数100,かべかけ
ファンシーなユリのリース,どうぶつ(すべての性格),レシピ習得数100,かべかけ
ブーメラン,どうぶつ(ぼんやり男),レシピ習得50,かべかけ
ふしありウッドウォール,どうぶつ(キザ男),nil,かべ・ゆか・ラグ
ふめんだい,どうぶつ(ぼんやり男),nil,かぐ
フライパン,レシピ集「はじめてのDIYレシピ」,nil,こもの
フルーツウォーターサーバ,どうぶつ(コワイ男),レシピ習得数100,こもの
フルーツのリース,どうぶつ(コワイ男),レシピ習得数100,かべかけ
フルーツバスケット,どうぶつ(コワイ男),レシピ習得数100,こもの
プレゼントのイルミネーション,季節「オーナメント」,nil,かぐ
ふんすい,たぬきマイル交換,nil,かぐ
ペグとロープ,たぬきマイル交換,nil,そうび
ベンチブランコ,レシピ集「チャレンジ！DIYレシピ」,nil,かぐ
ボーンなドアプレート,どうぶつ(ぼんやり男),レシピ習得数50,かべかけ
ほしくさのベッド,レシピ集「はじめてのDIYレシピ」,nil,かぐ
ほしぞらのかべ,フーコ,nil,かべ・ゆか・ラグ
ほしのすなはまのゆか,季節「なつのかいがら」,nil,かべ・ゆか・ラグ
ポップなパンジーなリース,どうぶつ(すべての性格),レシピ習得数100,かべかけ
ぼんさいだな,どうぶつ(コワイ男),レシピ習得数100,かぐ
マイクロライブラリー,どうぶつ(普通女),レシピ習得数100,かぐ
マガジンラック,どうぶつ(元気女),レシピ習得数100,こもの
まき,どうぶつ(ハキハキ男),nil,こもの
マツのぼんさい,季節「どんぐり/まつぼっくり」,nil,こもの
マトリョーシカ,どうぶつ(ぼんやり男),nil,こもの
マネーなゆか,どうぶつ(オトナ女),レシピ習得数100,かべ・ゆか・ラグ
まるたのガーデンベッド,どうぶつ(元気女),どうぶつ移住イベント,かぐ
まるたのかざりだな,どうぶつ(普通女),レシピ習得数100,かぐ
まるたのかべかけどけい,どうぶつ(ぼんやり男),レシピ習得数100,かべかけ
まるたのくい,どうぶつ(キザ男),ムシ・サカナイベント(２匹目),かぐ
まるたのさく,たぬきマイル交換,nil,そうび
まるたのスツール,どうぶつ(元気女),どうぶつ移住イベント,かぐ
まるたのソファ,どうぶつ(普通女),nil,かぐ
まるたのダイニングテーブル,どうぶつ(コワイ男),どうぶつ移住イベント,かぐ
まるたのベッド,どうぶつ(元気女),どうぶつ移住イベント,かぐ
まるたのベンチ,どうぶつ(普通女),どうぶつ移住イベント,かぐ
まるたのラウンドテーブル,どうぶつ(元気女),nil,かぐ
まるたのロングソファ,どうぶつ(普通女),レシピ習得数100,かぐ
マンガライブラリーなかべ,どうぶつ(元気女),レシピ習得数100,かべ・ゆか・ラグ
マンホール,たぬきマイル交換,nil,かぐ
みかづきチェア,フーコ,nil,かぐ
みずのみば,たぬきマイル交換,nil,かぐ
みちしるべ,どうぶつ(ぼんやり男),レシピ習得数100,かぐ
ミックスウッドの壁,どうぶつ(オトナ女),nil,かべ・ゆか・ラグ
みどりのおちば,季節「はるのわかたけ」,nil,かぐ
みどりのこしみの,どうぶつ(元気女),nil,そうび
みなみのうみなかべ,季節「なつのかいがら」,nil,かべ・ゆか・ラグ
みなものゆか,季節「なつのかいがら」,nil,かべ・ゆか・ラグ
みの,どうぶつ(普通女),nil,そうび
むらさきのヒヤシンスのリース,どうぶつ(すべての性格),レシピ習得数200,かべかけ
もくぎょ,レシピ集「こんなモノまで?!DIY」,nil,こもの
もくせいクロゼット,DIYワークショップのリメイク体験を受ける,nil,かぐ
もくせいサイドテーブル,どうぶつ(オトナ女),nil,かぐ
もくせいシングルベッド,どうぶつ(ぼんやり男),どうぶつ移住イベント,かぐ
もくせいスツール,どうぶつ(元気女),nil,かぐ
もくせいダブルベッド,どうぶつ(キザ男),nil,かぐ
もくせいチェア,どうぶつ(オトナ女),どうぶつ移住イベント,かぐ
もくせいチェスト,どうぶつ(ぼんやり男),nil,かぐ
もくせいテーブル,どうぶつ(アネキ女),nil,かぐ
もくせいテーブルミラー,どうぶつ(アネキ女),nil,こもの
もくせいのくずかご,どうぶつ(アネキ女),nil,かぐ
もくせいのこうぐばこ,どうぶつ(普通女),nil,こもの
もくせいのすがたみ,どうぶつ(元気女),nil,かぐ
もくせいのバケツ,どうぶつ(キザ男),どうぶつ移住イベント,かぐ
もくせいのほんだな,どうぶつ(ぼんやり男),レシピ習得数100,かぐ
もくせいミニテーブル,どうぶつ(アネキ女),nil,かぐ
もくせいローテーブル,どうぶつ(キザ男),nil,かぐ
もくば,どうぶつ(普通女),nil,かぐ
ものほしロープ,どうぶつ(コワイ男),どうぶつ移住イベント,かぐ
もみじのかさ,季節「もみじのはっぱ」,nil,そうび
もみじのポシェット,季節「もみじのはっぱ」,nil,そうび
モモのかさ,どうぶつ(普通女),レシピ習得数100,そうび
モモのかべがみ,どうぶつ(普通女),レシピ習得数100,かべ・ゆか・ラグ
もものチェア,どうぶつ(普通女),レシピ習得数100,かぐ
モモのビックリばこ,どうぶつ(普通女),レシピ習得数100,こもの
モモのふく,どうぶつ(普通女),レシピ習得数100,そうび
モモのぼうし,どうぶつ(普通女),レシピ習得数100,そうび
モモのラグ,どうぶつ(普通女),レシピ習得数100,かべ・ゆか・ラグ
ヤシのウォールプランター,どうぶつ(オトナ女),レシピ習得数50,かべかけ
やじろべえ,季節「どんぐり/まつぼっくり」,nil,こもの
やたい,たぬきマイル交換,nil,かぐ
ゆうしてっせん,たぬきマイル交換,nil,そのほか
ゆうじんうちゅうせん,フーコ,nil,かぐ
ゆきだるまのぼうし,ゆきだるま,nil,そうび
ゆきのイルミネーション,季節「オーナメント」,nil,かぐ
ゆきのけっしょうのリース,季節「ゆきのけっしょう」,nil,かべかけ
ユリのかんむり,どうぶつ(すべての性格),nil,そうび
ユリのかんむり・キュート,どうぶつ(すべての性格),nil,そうび
ユリのかんむり・ダーク,どうぶつ(すべての性格),nil,そうび
ユリのステッキ,フーコ,nil,どうぐ
ユリのリース,どうぶつ(すべての性格),レシピ習得数50,かべかけ
ユリのレコードプレーヤー,どうぶつ(コワイ男),レシピ習得数50,かぐ
ようふうのさく,どうぶつ(普通女),レシピ習得数100,そのほか
ようほうばこ,どうぶつ(ハキハキ男),nil,かぐ
よくあるにわいし,どうぶつ(ぼんやり男),nil,かぐ
よこいたのさく,たぬきマイル交換,nil,かぐ
よせぎのかべ,どうぶつ(普通女),nil,かべ・ゆか・ラグ
ライトなバンブーラグ,季節「はるのわかたけ」,nil,かべ・ゆか・ラグ
ライブラリーなかべ,どうぶつ(普通女),レシピ習得数100,かべ・ゆか・ラグ
ラティス,たぬきマイル交換,nil,そのほか
ランダムストーンのかべ,どうぶつ(オトナ女),nil,かべ・ゆか・ラグ
リサイクルながぐつ,「ながぐつ」をつりあげる,nil,そうび
リブラのてんびん,フーコ,nil,こもの
りゅうひょうのゆか,季節「ゆきのけっしょう」,nil,かべ・ゆか・ラグ
リンゴのチェア,どうぶつ(アネキ女),レシピ習得数100,そうび
リンゴのテレビ,どうぶつ(アネキ女),レシピ習得数100,かべ・ゆか・ラグ
リンゴのふく,どうぶつ(アネキ女),レシピ習得数100,そうび
リンゴのぼうし,どうぶつ(アネキ女),レシピ習得数100,そうび
リンゴのラグ,どうぶつ(アネキ女),レシピ習得数100,かべ・ゆか・ラグ
レオのちょうこく,フーコ,nil,かべかけ
レンガのいど,たぬきマイル交換,nil,かぐ
レンガのカベ,たぬきマイル交換,nil,そのほか
ログなドアプレート,どうぶつ(オトナ女),レシピ習得数50,かべかけ
ログハウスのかべ,どうぶつ(元気女),nil,かべ・ゆか・ラグ
ロケット,フーコ,nil,かぐ
ロッキングチェア,レシピ集「チャレンジ！DIYレシピ」,nil,かぐ
ろてんぶろ,たぬきマイル交換,nil,かぐ
ワイルドウッドのかべ,どうぶつ(コワイ男),nil,かべ・ゆか・ラグ
ワイルドなまるたのベンチ,どうぶつ(ハキハキ男),nil,かぐ
わなげ,レシピ集「チャレンジ！DIYレシピ」,nil,こもの
わふうのさく,たぬきマイル交換,nil,そのほか
わふうのはかいし,どうぶつ(ぼんやり男),レシピ習得数100,かぐ
わらぼしのさく,たぬきマイル交換,nil,そのほか
DIYさようだい,どうぶつ(アネキ女),レシピ習得数100,どうぐ
