name,sort,get
おおきめザッグ,bag,シャンク
おさかなポシェット,bag,その他
しかくいリュック,bag,シャンク
たびびとのリュック,bag,シャンク
ちょうちょのバッグ,bag,その他
ななめかけボストン,bag,シャンク
ははのナップザック,bag,シャンク
はんぷショルダー,bag,シャンク
アウトドアリュック,bag,シャンク
サコッシュ,bag,シャンク
スタッズリュック,bag,シャンク
スポーツバッグ,bag,シャンク
タウンリュック,bag,シャンク
ドライサック,bag,シャンク
ハードシェルリュック,bag,シャンク
パーティーバッグ,bag,シャンク
フィッシングバッグ,bag,その他
フェイクファーバッグ,bag,シャンク
ボディバッグ,bag,シャンク
ミニレザーバッグ,bag,シャンク
ムシかご,bag,その他
メッセンジャーバッグ,bag,シャンク
ふたつきリュック,bag,シャンク
トラベルポーチ,bag,シャンク
ミニレザーバッグ,bag,シャンク
レザーショルダ,bag,シャンク
ナップサック,bag,シャンク
はるのみずたまショルダー,bag,シャンク
レザーボディバッグ,bag,シャンク
フリンジレザーバッグ,bag,シャンク
ハードシェルリュック,bag,シャンク
てあみリュック,bag,シャンク
かいがらポシェット,bag,DIY
どんぐりポシェット,bag,DIY
イースターなバッグ,bag,DIY
さくらのポシェット,bag,DIY
もみじのポシェット,bag,DIY
スターなポシェット,bag,DIY
くさあみリュック,bag,DIY
アーガイルタイツ,soocks,きぬよ
アーガイルソックス,soocks,きぬよ
あなあきソックス,soocks,きぬよ
あなあきタイツ,soocks,きぬよ
あみタイツ,soocks,きぬよ
エアロビレギンス,soocks,シャンク
かぎばりあみソックス,soocks,きぬよ
カントリーソックス,soocks,きぬよ
キッズソックス,soocks,シャンク
くしゅくしゅソックス,soocks,きぬよ、シャンク
グレータイツ,soocks,きぬよ
グレーのメランジ,soocks,きぬよ
グレーのレギンス,soocks,きぬよ
くろいタイツ,soocks,きぬよ
ストッキング,soocks,きぬよ
ストレッチレギンス,soocks,きぬよ
こんいろハイソックス,soocks,きぬよ
サッカーソックス,soocks,シャンク
ストッキング,soocks,きぬよ
しろいハイソックス,soocks,きぬよ
しろのくるぶしソックス,soocks,きぬよ
スターなタイツ,soocks,きぬよ
スニーカーインソックス,soocks,きぬよ
スパンコールレギンス,soocks,シャンク
たび,soocks,きぬよ
チェックのソックス,soocks,きぬよ
チマヨがらソックス,soocks,きぬよ
つうきんソックス,soocks,きぬよ
てあみのソックス,soocks,きぬよ
デイリータイツ,soocks,きぬよ
デザインストッキング,soocks,きぬよ
デニムレギンス,soocks,きぬよ
とざんタイツ,soocks,きぬよ
ドットのニーハイソックス,soocks,きぬよ
ニュアンスソックス,soocks,きぬよ
ニュアンスタイツ,soocks,きぬよ
ネオンタイツ,soocks,きぬよ
ネオンレギンス,soocks,きぬよ
ハートがらタイツ,soocks,きぬよ
はでなソックス,soocks,きぬよ
フットカバー,soocks,きぬよ
フリルソックス,soocks,きぬよ
フリルつきハイソックス,soocks,シャンク
ベージュのタイツ,soocks,きぬよ
ビビッドなタイツ,soocks,きぬよ
ビビッドなレギンス,soocks,きぬよ
フラワードットタイツ,soocks,きぬよ
ボーダーソックス,soocks,きぬよ
ボーダータイツ,soocks,きぬよ
ほしがらハイソックス,soocks,きぬよ
マリンボーダーのタイツ,soocks,きぬよ
マルチブロックソックス,soocks,シャンク
みずたまハイソックス,soocks,きぬよ
みつおりソックス,soocks,きぬよ
ミックスツイードソックス,soocks,きぬよ
みどりのタイツ,soocks,きぬよ
みどりのボーダーソックス,soocks,きぬよ
メランジソックス,soocks,きぬよ
ラインソックス,soocks,きぬよ
ランニングタイツ,soocks,きぬよ
リボンソックス,soocks,シャンク
レインボータイツ,soocks,きぬよ
レースのソックス,soocks,きぬよ
レッグウォーマー,soocks,きぬよ
ワインレッドタイツ,soocks,きぬよ
ワンポイントソックス,soocks,きぬよ
あおいスニーカー,shoes,シャンク
あおいパンプス,shoes,シャンク
リングシューズ,shoes,シャンク
あかいくつ,shoes,シャンク
あかいデッキシューズ,shoes,シャンク
あかいリングシューズ,shoes,シャンク
アニマルパンプス,shoes,きぬよ
あみあげブーツ,shoes,シャンク
アンティークなブーツ,shoes,シャンク
ウイングチップのシューズ,shoes,きぬよ
ウェスタンブーツ,shoes,きぬよ
ウォーキングシューズ,shoes,きぬよ
うわばき,shoes,シャンク
エスニックなサンダル,shoes,シャンク
エスニックなローファー,shoes,シャンク
エナメルのパンプス,shoes,シャンク、きぬよ
エンジニアブーツ,shoes,シャンク、きぬよ
オレンジのサンダル,shoes,シャンク
オレンジのスニーカー,shoes,シャンク
カラフルなスニーカー,shoes,シャンク
きいろいヒモつきシューズ,shoes,シャンク
きいろいベルトシューズ,shoes,シャンク
きいろいレインブーツ,shoes,シャンク
きぐつ,shoes,シャンク
キッズなスニーカー,shoes,シャンク
キュートなスニーカー,shoes,きぬよ
きんのかっちゅうぐつ,shoes,シャンク
グラディエーターサンダル,shoes,シャンク
くろいかわぐつ,shoes,シャンク
くろいながぐつ,shoes,シャンク
くろいパンプス,shoes,シャンク
ケイトのスニーカー,shoes,きぬよ
げた,shoes,シャンク
コッシン,shoes,シャンク
サボ,shoes,シャンク
サンタのブーツ,shoes,シャンク
サンダル,shoes,シャンク
エナメルのパンプス,shoes,きぬよ
ししゅうのくつ,shoes,シャンク
シャワーサンダル,shoes,きぬよ
しろいかわぐつ,shoes,シャンク
スエードスニーカー,shoes,きぬよ
ストライプのパンプス,shoes,きぬよ
ストラップシューズ,shoes,きぬよ
ストライプつきパンプス,shoes,きぬよ
スノーブーツ,shoes,シャンク
スパイク,shoes,シャンク
スポーツシューズ,shoes,シャンク
スポーツサンダル,shoes,シャンク
スリッポン,shoes,シャンク
スリッポンサンダル,shoes,シャンク
せった,shoes,シャンク
ぞうり,shoes,きぬよ
ちゃいろいスニーカー,shoes,シャンク
ちゃいろいパンプス,shoes,シャンク
てつのかっちゅうぐつ,shoes,シャンク
トレッキングシューズ,shoes,きぬよ
トンがったクツ,shoes,きぬよ
とんがりブーツ,shoes,きぬよ
ハイテクシューズ,shoes,きぬよ
ハイカットスニーカー,shoes,きぬよ
バスケットシューズ,shoes,きぬよ
バブーシュ,shoes,シャンク
バリアスーツ・シューズ,shoes,シャンク
バレエシューズ,shoes,シャンク
パワードブーツ,shoes,シャンク
ビジネスシュー,shoes,きぬよ
ビーチサンダル,shoes,シャンク
ヒーローブーツ,shoes,シャンク
ピエロのくつ,shoes,シャンク
ピンクのスニーカー,shoes,シャンク
ピンクのヒモつきシューズ,shoes,シャンク
ベルトつきシューズ,shoes,シャンク
ボロのくつ,shoes,シャンク
マリンシューズ,shoes,シャンク
みずたまスニーカー,shoes,シャンク
みずたまのパンプス,shoes,シャンク
みずたまレインブーツ,shoes,シャンク
みどりのベルトシューズ,shoes,シャンク
ムートンブーツ,shoes,シャンク
むらさきのパンプス,shoes,シャンク
モカシン,shoes,きぬよ
モノトーンなかわぐつ,shoes,シャンク
ゆうしゃのブーツ,shoes,シャンク
ラバートゥスニーカー,shoes,きぬよ
ルームシューズ,shoes,きぬよ
レザーのスニーカー,shoes,きぬよ
レザーのショートブーツ,shoes,きぬよ
レインブーツ,shoes,きぬよ
ローファー,shoes,シャンク
ロリータシューズ,shoes,シャンク
ワークブーツ,shoes,きぬよ
アイアンアーマーシューズ,shoes,DIY
ゴールデンアーマーシューズ,shoes,DIY
リサイクルながぐつ,shoes,DIY
じまんのたまごのくつ,shoes,DIY
いわのたまごのくつ,shoes,DIY
はっぱのたまごのくつ,shoes,DIY
ウッディなたまごのくつ,shoes,DIY
そらとぶたまごのくつ,shoes,DIY
さかなのたまごのくつ,shoes,DIY
きいろいみずたまのかさ,umbrella,たぬき商店
メルヘンなかさ,umbrella,たぬき商店
あかいシックなかさ,umbrella,たぬき商店
あかいみずたまのかさ,umbrella,たぬき商店
カエルのかさ,umbrella,たぬき商店
クマのかさ,umbrella,たぬき商店
くろいシックなかさ,umbrella,たぬき商店
こわれたかさ,umbrella,たぬき商店
スパイダーなかさ,umbrella,たぬき商店
ツートンなかさ,umbrella,たぬき商店
ビニールかさ,umbrella,たぬき商店
ピンクのむじかさ,umbrella,たぬき商店
ピンクのロリータかさ,umbrella,たぬき商店
マーガレットのかさ,umbrella,たぬき商店
レイニーなかさ,umbrella,たぬき商店
レインボーなかさ,umbrella,たぬき商店
パープルロリータかさ,umbrella,たぬき商店
みどりのむじのかさ,umbrella,たぬき商店
ぱんだのかさ,umbrella,たぬき商店
トリコロールなかさ,umbrella,たぬき商店
あおいみずたまのかさ,umbrella,たぬき商店
べリーキングガムのかさ,umbrella,たぬき商店
ビーチなかさ,umbrella,たぬき商店
はんかさ,umbrella,たぬき商店
むらさきシックなかさ,umbrella,たぬき商店
レースのかさ,umbrella,たぬき商店
くろいレースのかさ,umbrella,たぬき商店
かぶきなかさ,umbrella,たぬき商店
わかばキンガムのかさ,umbrella,たぬき商店
ストライプのかさ,umbrella,たぬき商店
いちごのかさ,umbrella,たぬき商店
こばながらのかさ,umbrella,たぬき商店
ぱいなっぷるのかさ,umbrella,たぬき商店
あかいむじのかさ,umbrella,たぬき商店
あおいむじのかさ,umbrella,たぬき商店
アジサイのかさ,umbrella,たぬき商店
いちごキンガムのかさ,umbrella,たぬき商店
ガラいりビニールかさ,umbrella,たぬき商店
タータンチェックのかさ,umbrella,たぬき商店
ひまわりのかさ,umbrella,たぬき商店
ぶどうのかさ,umbrella,たぬき商店
みどりのシックなかさ,umbrella,たぬき商店
ミントキンガムのかさ,umbrella,たぬき商店
ブルーロリータのかさ,umbrella,たぬき商店
さかなのかさ,umbrella,その他
テントウムシのかさ,umbrella,その他
はっぱ,umbrella,DIY
はっぱのかさ,umbrella,DIY
もみじのかさ,umbrella,DIY
さくらんぼのかさ,umbrella,DIY
ナシのかさ,umbrella,DIY
モモのかさ,umbrella,DIY
リンゴのかさ,umbrella,DIY
オレンジのかさ,umbrella,DIY
さくらのかさ,umbrella,DIY
キノコのかさ,umbrella,DIY
DALアイマスク,accessory,その他
ヒビわれめがね,accessory,その他
ふうせんガム,accessory,きぬよ
アイマスク,accessory,きぬよ
アンターリムめがね,accessory,きぬよ
オーバルめがね,accessory,きぬよ
ガスマスク,accessory,きぬよ
がんたい,accessory,きぬよ
くちばし,accessory,きぬよ
サーモントめがね,accessory,きぬよ
たべこぼし,accessory,きぬよ
どっとサングラス,accessory,きぬよ
ネコのつけばな,accessory,きぬよ
ハートのサングラス,accessory,きぬよ
パイロットサングラス,accessory,きぬよ
パック,accessory,きぬよ
フラインドサングラス,accessory,きぬよ
フラワーサングラス,accessory,きぬよ
べっこうめがね,accessory,きぬよ
ベネチアンマスク,accessory,きぬよ
ボストンめがね,accessory,きぬよ
レトロなサングラス,accessory,きぬよ
スクエアめがね,accessory,きぬよ
つけばな,accessory,きぬよ
ほしのサングラス,accessory,きぬよ
ナイトビジョン,accessory,きぬよ
スチームパンクなゴーグル,accessory,きぬよ
ごはんつぶ,accessory,きぬよ
イヌのつけばな,accessory,きぬよ
ひげめがね,accessory,きぬよ
ラワンドひげ,accessory,きぬよ
カイセルひげ,accessory,きぬよ
カラスマスク,accessory,きぬよ
バタフライサングラス,accessory,きぬよ
アゴひげ,accessory,きぬよ
をかしなめがね,accessory,きぬよ
まるめがね,accessory,きぬよ
マスク,accessory,きぬよ
ヒーローマスク,accessory,きぬよ
ばんそうこう,accessory,きぬよ
ちいさなサングラス,accessory,きぬよ
ピエロのかめん,accessory,きぬよ
まきヒゲ,accessory,きぬよ
ラインストーンめがね,accessory,きぬよ
モノクル,accessory,きぬよ
はなみず,accessory,きぬよ
サイバーサングラス,accessory,きぬよ
レサーマスク,accessory,きぬよ
タフルフリッジめがね,accessory,きぬよ
アイバッチ,accessory,きぬよ
はっぱのおめん,accessory,DIY
アウトドアハット,cap,きぬよ
おだんごあたま,cap,きぬよ
ちょんまげ,cap,きぬよ
ペイズリーのバンダナ,cap,きぬよ
ハートのかみかざり,cap,きぬよ
メッシュキャップ,cap,きぬよ
ひこうぼう,cap,きぬよ
アメフトヘルメット,cap,きぬよ
いちごのぼうし,cap,きぬよ
きちょうのぼうし,cap,きぬよ
コックさんのぼうし,cap,きぬよ
サイクルキャップ,cap,きぬよ
ジョッキーヘルメット,cap,きぬよ
ソフトクリームなぼうし,cap,きぬよ
たまごのから,cap,きぬよ
たんけんぼう,cap,きぬよ
つばひろストローハット,cap,きぬよ
ネコのかぶりもの,cap,きぬよ
のうぎょうぼう,cap,きぬよ
バイキングのかぶと,cap,きぬよ
ハンチング,cap,きぬよ
ヒーローヘルメット,cap,きぬよ
ヘアターバン,cap,きぬよ
めだしぼう,cap,きぬよ
モヒカン,cap,きぬよ
リボン,cap,きぬよ
レインハット,cap,きぬよ
あんぜんヘルメット,cap,きぬよ
バニーのみみ,cap,きぬよ
ホットドッグマスク,cap,きぬよ
ティアラ,cap,きぬよ
おんがくかのかつら,cap,きぬよ
ひつじのかぶりもの,cap,きぬよ
キツネのおめん,cap,きぬよ
リーゼント,cap,きぬよ
つうがくぼう,cap,きぬよ
ナースキャップ,cap,きぬよ
エレガントなぼうし,cap,きぬよ
シルクハット,cap,きぬよ
グレンガリーぼう,cap,きぬよ
ニットキャップ,cap,きぬよ
けいかんぼう,cap,きぬよ
ガイコツのかぶりもの,cap,きぬよ
にんじゃずきん,cap,きぬよ
サイクルヘルメット,cap,きぬよ
ぶどうのぼうし,cap,きぬよ
なかおれハット,cap,きぬよ
もじキャップ,cap,きぬよ
もこもこナイトキャップ,cap,きぬよ
ウサギのかぶりもの,cap,きぬよ
ピエロのぼうし,cap,きぬよ
さんかくきん,cap,きぬよ
くろこ,cap,きぬよ
チューリップハット,cap,きぬよ
がくせいぼう,cap,きぬよ
キャスケット,cap,きぬよ
デニムキャップ,cap,きぬよ
ヘッドホン,cap,きぬよ
アストロヘルメット,cap,きぬよ
わかざり,cap,きぬよ
ツイードキャップ,cap,きぬよ
みずたまシャワーキャップ,cap,きぬよ
バレッタ,cap,きぬよ
スケボーヘルメット,cap,きぬよ
ほしのかみかざり,cap,きぬよ
あさいニットぼう,cap,きぬよ
ヴィジュアルけいウィッグ,cap,きぬよ
バルーンハット,cap,きぬよ
あかちゃんぼうし,cap,きぬよ
とんがりぼうし,cap,きぬよ
クイーンのかんむり,cap,きぬよ
デビルなかぶりもの,cap,きぬよ
うんどうぼう,cap,きぬよ
マタンプシ,cap,きぬよ
たまねぎヘアー,cap,きぬよ
ベースボールキャップ,cap,きぬよ
はでなかみかざり,cap,きぬよ
かぶと,cap,きぬよ
やきゅうのヘルメット,cap,きぬよ
パインがらアウトドアハット,cap,きぬよ
ベレーぼう,cap,きぬよ
うしのほね,cap,きぬよ
がくしのぼうし,cap,きぬよ
コンバットヘルメット,cap,きぬよ
しっそなぼうし,cap,きぬよ
ワークキャップ,cap,きぬよ
てんしのわ,cap,きぬよ
ホッケーのマスク,cap,きぬよ
アランニットぼう,cap,きぬよ
ほっかむり,cap,きぬよ
みみあてつきニット,cap,きぬよ
カエルのかぶりもの,cap,きぬよ
メルヘンなずきん,cap,きぬよ
ちいさめなぼうし,cap,きぬよ
おはなのヘアピン,cap,きぬよ
おほしさまのあたま,cap,DIY
ゆきだるまのぼうし,cap,DIY
アイアンアーマーヘルメット,cap,DIY
ゴールデンアーマーヘルメット,cap,DIY
じまんのたまごのから,cap,DIY
いわのたまごのから,cap,DIY
はっぱのたまごのから,cap,DIY
ウッディなたまごのから,cap,DIY
そらとぶたまごのから,cap,DIY
さかなのたまごのから,cap,DIY
たまごのパーティーハット,cap,DIY
イースターなかんむり,cap,DIY
ヒヤシンスのかんむり,cap,DIY
ヒヤシンスのかんむり・オレンジ＆ピンク＆ブルー,cap,DIY
ヒヤシンスのかんむり・パープル,cap,DIY
アネモネのかんむり・レッド＆オレンジ＆ホワイト,cap,DIY
アネモネのかんむり・ピンク＆ブルー,cap,DIY
アネモネのかんむり・パープル,cap,DIY
チューリップのかんむり,cap,DIY
チューリップのかんむり・ピンク＆オレンジ＆パープル,cap,DIY
チューリップのかんむり・ブラック,cap,DIY
パンジーのかんむり,cap,DIY
パンジーのかんむり・レッドイエロー＆ブルー,cap,DIY
パンジーのかんむり・パープル,cap,DIY
コスモスのかんむり,cap,DIY
コスモスのかんむり・ピンク＆オレンジ,cap,DIY
コスモスのかんむり・ブラック,cap,DIY
バラのかんむり,cap,DIY
バラのかんむり・ピンク＆オレンジ,cap,DIY
バラのかんむり・パープル＆ブラック,cap,DIY
ユリのかんむり,cap,DIY
ユリのかんむり・ピンク＆オレンジ＆ホワイト,cap,DIY
ユリのかんむり・ブラック,cap,DIY
キクのかんむり,cap,DIY
キクのかんむり・パープル＆ピンク,cap,DIY
キクのかんむり・グリーン,cap,DIY
バラのかんむり・ブルー,cap,DIY
バラのかんむり・ゴールド,cap,DIY
さんどがさ,cap,DIY
かさぼうし,cap,DIY
さくらんぼのぼうし,cap,DIY
ナシのぼうし,cap,DIY
モモのぼうし,cap,DIY
リンゴのぼうし,cap,DIY
オレンジのぼうし,cap,DIY
ギンガムチェックのシャツ,topps,きぬよ
さぎょうふく,topps,きぬよ
ははのてあみセーター,topps,きぬよ
レインコート,topps,きぬよ
DALのTシャツ,topps,その他
Vネックセーター,topps,きぬよ
9ばんだまのふく,topps,きぬよ
タイダイTシャツ,topps,きぬよ
シンプルなトレーナー,topps,きぬよ
マルチボーダーニット,topps,きぬよ
レースのキャミソール,topps,きぬよ
サッカーのユニフォーム,topps,きぬよ
フライトジャケット,topps,きぬよ
イヤフォンコーデ,topps,きぬよ
うでカバーつきエプロン,topps,きぬよ
えいじTシャツ,topps,きぬよ
エプロン,topps,きぬよ
カーディガン＆シャツ,topps,きぬよ
かいとうのふく,topps,きぬよ
カウボーイシャツ,topps,きぬよ
がくしのふく,topps,きぬよ
がくせいふく,topps,きぬよ
かさねぎTシャツ,topps,きぬよ
かんごしのジャケット,topps,きぬよ
きぞくのコート,topps,きぬよ
キャリアなジャケット,topps,きぬよ
コックさんのふく,topps,きぬよ
シンプルなパーカー,topps,きぬよ
スモック,topps,きぬよ
スリムニット,topps,きぬよ
たぬきかいはつアロハ,topps,その他
たぬきかいはつブルゾン,topps,その他
たぬきかいはつTシャツ,topps,その他
チャイナふく,topps,きぬよ
チョッキつきワイシャツ,topps,きぬよ
ツートンのエリつきシャツ,topps,きぬよ
つりジャケット,topps,きぬよ
デニムジャケット,topps,きぬよ
トレンディーなふく,topps,きぬよ
ノーカラーシャツ,topps,きぬよ
ハートのエプロン,topps,きぬよ
パインがらのアロハシャツ,topps,きぬよ
ハデなカーディガン,topps,きぬよ
ヒッピーなふく,topps,きぬよ
ビブス,topps,きぬよ
プルオーバーアウター,topps,きぬよ
ブレザー,topps,きぬよ
ポケットつきTシャツ,topps,きぬよ
まえむすびYシャツ,topps,きぬよ
マッスルタンクトップ,topps,きぬよ
めいさいMA-1,topps,きぬよ
モーニングコート,topps,きぬよ
ヨレヨレなシャツ,topps,きぬよ
ライダースジャケット,topps,きぬよ
ワークアウトトップス,topps,きぬよ
ワークシャツ,topps,きぬよ
ワイシャツ,topps,きぬよ
カンフーなふく,topps,きぬよ
ダイナーなエプロン,topps,きぬよ
ラガーシャツ,topps,きぬよ
ブルドッグジャージ,topps,きぬよ
マウンテンパーカー,topps,きぬよ
MA-1,topps,きぬよ
おうさまのふく,topps,きぬよ
バイキングのふく,topps,きぬよ
はんそでチャイナふく,topps,きぬよ
ワークエプロン,topps,きぬよ
パーカーオンTシャツ,topps,きぬよ
ケミカルデニムジャケット,topps,きぬよ
ネクタイつきワイシャツ,topps,きぬよ
たいそうふく,topps,きぬよ
ベースボールシャツ,topps,きぬよ
こうつうゆうどうのふく,topps,きぬよ
すこやかなセーター,topps,きぬよ
えきでんなふく,topps,きぬよ
ボアベスト,topps,きぬよ
ボーダーTシャツ,topps,きぬよ
ポンチョふうニット,topps,きぬよ
アームプリントTシャツ,topps,きぬよ
カレッジカーディガン,topps,きぬよ
フィッシャーヘムト,topps,きぬよ
たきのうベスト,topps,きぬよ
ビスチェキャミ,topps,きぬよ
ヴァンパイアのふく,topps,きぬよ
ノーカラーコート,topps,きぬよ
えんびふく,topps,きぬよ
たんけんふく,topps,きぬよ
ダメージニット,topps,きぬよ
ベストつきワイシャツ,topps,きぬよ
レペゼンなふく,topps,きぬよ
チマヨベスト,topps,きぬよ
あんないがかりのふく,topps,きぬよ
スウェットスカート,topps,きぬよ
かいきんシャツ,topps,きぬよ
ヘンリーネックなTシャツ,topps,きぬよ
サイケデリックシャツ,topps,きぬよ
ダンスジャージ,topps,きぬよ
ネルシャツ,topps,きぬよ
いたまえのふく,topps,きぬよ
コメディアンなふく,topps,きぬよ
ヤンチャながくせいふく,topps,きぬよ
コーチジャケット,topps,きぬよ
スペースパーカー,topps,きぬよ
アーガイルベスト,topps,きぬよ
ペザントブラウス,topps,きぬよ
つつましいニット,topps,きぬよ
カメラつきワイシャツ,topps,きぬよ
アノラック,topps,きぬよ
スタッフのふく,topps,きぬよ
チュニックシャツ,topps,きぬよ
テーラードジャケット,topps,きぬよ
うみのはんてん,topps,きぬよ
セーラーシャツ,topps,きぬよ
パインがらアロハシャツ,topps,きぬよ
はんそでボーダーTシャツ,topps,きぬよ
ドクロTシャツ,topps,きぬよ
おうじさまシャツ,topps,きぬよ
ノースリーブパーカー,topps,きぬよ
ボーダーのタンクトップ,topps,きぬよ
そでなしGジャン,topps,きぬよ
ラメししゅうノースリーブパーカー,topps,きぬよ
レースキャミソール,topps,きぬよ
ボーンなTシャツ,topps,きぬよ
ボアフリース,topps,きぬよ
ツイードベスト,topps,きぬよ
ヒョウがらTシャツ,topps,きぬよ
レースのシャツ,topps,きぬよ
はんそでセーラーふく,topps,きぬよ
クルタ,topps,きぬよ
チェックのチェスターコート,topps,きぬよ
アメフトシャツ,topps,きぬよ
ステンカラーコート,topps,きぬよ
トレンチコート,topps,きぬよ
カフェのせいふく,topps,きぬよ
ゴムエプロン,topps,きぬよ
みずたまレインコート,topps,きぬよ
ムートンコート,topps,きぬよ
ハデなジャケット,topps,きぬよ
レザートレンチ,topps,きぬよ
アランカーディガン,topps,きぬよ
ガウンコート,topps,きぬよ
レトロなコート,topps,きぬよ
がらものフリース,topps,きぬよ
シンプルなニット,topps,きぬよ
ダッフルコート,topps,きぬよ
ぬいぐるみマフラーつきコート,topps,きぬよ
ノルディックなカーディガン,topps,きぬよ
ピーコート,topps,きぬよ
ダウンジャケット,topps,きぬよ
けっしょうのセーター,topps,きぬよ
スキーウェア,topps,きぬよ
モッズコート,topps,きぬよ
インセクトアロハ,topps,その他
さかなTシャツ,topps,その他
ゴールデンアーマー,topps,DIY
みの,topps,DIY
さくらんぼのふく,topps,DIY
ナシのふく,topps,DIY
モモのふく,topps,DIY
リンゴのふく,topps,DIY
オレンジのふく,topps,DIY
アイアンアーマー,topps,DIY
こしみの,topps,DIY
みどりのこしみの,topps,DIY
デニムパンツ,bottoms,きぬよ
レザースカート,bottoms,きぬよ
スウェットパンツ,bottoms,きぬよ
スウェットロングスカート,bottoms,きぬよ
MA－1スカート,bottoms,きぬよ
チノパン,bottoms,きぬよ
ヒョウがらミニスカート,bottoms,きぬよ
エナグワス,bottoms,きぬよ
カンフーなズボン,bottoms,きぬよ
きぞくのズボン,bottoms,きぬよ
クロップドパンツ,bottoms,きぬよ
ケイトのハーフパンツ,bottoms,きぬよ
シャギーチェックのホットパンツ,bottoms,きぬよ
スポーツジャージのズボン,bottoms,きぬよ
セーラーふくのスカート,bottoms,きぬよ
たんけんふくのズボン,bottoms,きぬよ
チャイナなクロップドパンツ,bottoms,きぬよ
パールつきスカート,bottoms,きぬよ
フリルスカート,bottoms,きぬよ
フリンジスカート,bottoms,きぬよ
ボタンのまきスカート,bottoms,きぬよ
マルチカラーのハーフパンツ,bottoms,きぬよ
マルチストライプワイドパンツ,bottoms,きぬよ
やぶれたズボン,bottoms,きぬよ
ランニングパンツ,bottoms,きぬよ
ロングセーラースカート,bottoms,きぬよ
スラックス,bottoms,きぬよ
ロングチノスカート,bottoms,きぬよ
コメディアンのパンツ,bottoms,きぬよ
ししゅうのはながらスカート,bottoms,きぬよ
チュチュスカート,bottoms,きぬよ
ロングデニムスカート,bottoms,きぬよ
めいさいスカート,bottoms,きぬよ
レインパンツ,bottoms,きぬよ
レザーパンツ,bottoms,きぬよ
ダンスジャージズボン,bottoms,きぬよ
カーゴパンツ,bottoms,きぬよ
ツイードフリルスカート,bottoms,きぬよ
ケミカルウォッシュデニム,bottoms,きぬよ
ツイードスカート,bottoms,きぬよ
デニムショートパンツ,bottoms,きぬよ
レザーのショートパンツ,bottoms,きぬよ
コルテ,bottoms,きぬよ
ワイドイージーパンツ,bottoms,きぬよ
もんぺ,bottoms,きぬよ
シャビーなスカート,bottoms,きぬよ
デニムのペインターパンツ,bottoms,きぬよ
ツイードパンツ,bottoms,きぬよ
ワークアウトパンツ,bottoms,きぬよ
ハーフカーゴパンツ,bottoms,きぬよ
フィットネススウェットパンツ,bottoms,きぬよ
きれいめハーフパンツ,bottoms,きぬよ
がくせいふくのズボン,bottoms,きぬよ
ティアードスカート,bottoms,きぬよ
アウトドアパンツ,bottoms,きぬよ
タイダイスカート,bottoms,きぬよ
ステテコ,bottoms,きぬよ
チェックのロングスカート,bottoms,きぬよ
ツートンなズボン,bottoms,きぬよ
ベルボトムパンツ,bottoms,きぬよ
テニススカート,bottoms,きぬよ
キャリアなスカート,bottoms,きぬよ
はながらスカート,bottoms,きぬよ
スウェットフリルズボン,bottoms,きぬよ
アメコミがらハーフパンツ,bottoms,きぬよ
ひざあてズボン,bottoms,きぬよ
ロングプリーツスカート,bottoms,きぬよ
アメフトズボン,bottoms,きぬよ
はながらレースのスカート,bottoms,きぬよ
ボックスプリーツスカート,bottoms,きぬよ
めいさいパンツ,bottoms,きぬよ
エプロンつきスカート,bottoms,きぬよ
すそみせズボン,bottoms,きぬよ
パッチワークスカート,bottoms,きぬよ
ボーダーパンツ,bottoms,きぬよ
エスニックパンツ,bottoms,きぬよ
ボンテージパンツ,bottoms,きぬよ
カットレザースカート,bottoms,きぬよ
レザーのフレアスカート,bottoms,きぬよ
ダウンパンツ,bottoms,きぬよ
ヒッコリーのペインターパンツ,bottoms,きぬよ
ユーデュロイスカート,bottoms,きぬよ
キルト,bottoms,きぬよ
ちどりスカート,bottoms,きぬよ
ゴブランハーフパンツ,bottoms,きぬよ
もこもこホット,bottoms,きぬよ
ショートコンビネゾン,dress,きぬよ
モールロングカーディガン,dress,きぬよ
マーブルワンピース,dress,きぬよ
あおむしのふく,dress,きぬよ
オールインワン,dress,きぬよ
かびたワンピース,dress,きぬよ
かんぷく,dress,きぬよ
クマなふく,dress,きぬよ
クローバーなワンピース,dress,きぬよ
スタアのふく,dress,きぬよ
チャイナドレス,dress,きぬよ
チロリアンなドレス,dress,きぬよ
つりスカート,dress,きぬよ
パジチョゴリ,dress,きぬよ
バブリーなセットアップ,dress,きぬよ
ひつじなふく,dress,きぬよ
ひよこなふく,dress,きぬよ
プリンセスなふく,dress,きぬよ
ボヘミアンワンピ,dress,きぬよ
ボンテージ,dress,きぬよ
マッスルスーツ,dress,きぬよ
まほうつかいのローブ,dress,きぬよ
Tシャツワンピ,dress,きぬよ
レトロボックスワンピース,dress,きぬよ
パールつきロングドレス,dress,きぬよ
パジャマワンピ,dress,きぬよ
サイケなつなぎ,dress,きぬよ
しっそなドレス,dress,きぬよ
うちゅうふく,dress,きぬよ
かっぽうぎ,dress,きぬよ
カッパスーツ,dress,きぬよ
ちょうがらのほうもんぎ,dress,きぬよ
イチゴのふく,dress,きぬよ
ヴィジュアルけいドレス,dress,きぬよ
きながし,dress,きぬよ
モガなワンピース,dress,きぬよ
ウサギなふく,dress,きぬよ
フリフリワンピース,dress,きぬよ
ボーダーワンピース,dress,きぬよ
ドラゴンスーツ,dress,きぬよ
げんしじんなふく,dress,きぬよ
チマチョゴリ,dress,きぬよ
もんつきはかま,dress,きぬよ
バレエのいしょう,dress,きぬよ
ラグビーのユニフォーム,dress,きぬよ
きりかえビッグスウェット,dress,きぬよ
シャツワンピ,dress,きぬよ
フリースパジャマ,dress,きぬよ
オランダなコスチューム,dress,きぬよ
ぜんしんタイツ,dress,きぬよ
しょうぼうしのふく,dress,きぬよ
フライトアテンダントのふく,dress,きぬよ
ロングシャツワンピ,dress,きぬよ
スペースワンピース,dress,きぬよ
フィギュアのドレス,dress,きぬよ
ペイントつなぎ,dress,きぬよ
はかま,dress,きぬよ
ツイードワンピース,dress,きぬよ
じゅうどうぎ,dress,きぬよ
フラッパードレス,dress,きぬよ
エジプトのふく,dress,きぬよ
タンゴなドレス,dress,きぬよ
ぐんしのふく,dress,きぬよ
レスリングのユニフォーム,dress,きぬよ
そでなしニットワンピ,dress,きぬよ
サイバースーツ,dress,きぬよ
じゅうにひとえ,dress,きぬよ
しゅくじょなワンピース,dress,きぬよ
アイドルなふく,dress,きぬよ
げんきなチェックのワンピ,dress,きぬよ
つぬえりスーツ,dress,きぬよ
かぶきなゆかた,dress,きぬよ
ハイビスカスのムームー,dress,きぬよ
アラビアなひめなふく,dress,きぬよ
ボーンなふく,dress,きぬよ
ゴシックなふく,dress,きぬよ
コルセットドレス,dress,きぬよ
セニョリータなドレス,dress,きぬよ
パジャマ,dress,きぬよ
びんがたいしょう,dress,きぬよ
あきいろチェックワンピース,dress,きぬよ
スクールスモック,dress,きぬよ
パワードスーツ,dress,きぬよ
オランダなドレス,dress,きぬよ
こびとのふく,dress,きぬよ
さぎょうぎ,dress,きぬよ
ビスチェワンピース,dress,きぬよ
スーパーヒーロースーツ,dress,きぬよ
ネグリジェ,dress,きぬよ
キウイのふく,dress,きぬよ
フラワーなワンピース,dress,きぬよ
ウズベクなふく,dress,きぬよ
ジャンパースカート,dress,きぬよ
ロングダウンコート,dress,きぬよ
ヒーロースーツ,dress,きぬよ
バスローブ,dress,きぬよ
ルネッサンスなドレス,dress,きぬよ
チナポブラーナ,dress,きぬよ
じまんのたまごのふく,dress,DIY
いわのたまごのふく,dress,DIY
はっぱのたまごのふく,dress,DIY
ウッディなたまごのふく,dress,DIY
そらとぶたまごのふく,dress,DIY
さかなのたまごのふく,dress,DIY
たまごのパーティーワンピ,dress,DIY