name,price,sales,size,get
アイアンなげんかんマット,1000,250,Sサイズ,ローラン
アイボリーのシンプルバスマット,1000,250,Sサイズ,ローラン
アイボリーのラウンドマット・M,1500,375,Mサイズ,ローラン
アイボリーのラウンドマット・S,1000,250,Sサイズ,ローラン
あおいアーガイルのラグ,2000,500,Lサイズ,ローラン
あおいウェーブのラグ,2000,500,Lサイズ,ローラン
あおいキッチンマット,1000,250,Sサイズ,ローラン
あおいキリムのカーペット,1000,250,Sサイズ,ローラン
あおいシャギーなラグ,2000,500,Lサイズ,ローラン
あおいシンプルマット・M,1500,375,Mサイズ,ローラン
あおいシンプルマット・S,1000,250,Sサイズ,ローラン
あおいパターンキッチンマット,1000,250,Sサイズ,ローラン
あおいビニールシート,1500,375,Mサイズ,ローラン
あおいペルシャじゅうたん,2000,500,Lサイズ,ローラン
あおいメッセージマット,1000,250,Sサイズ,ローラン
あおいラウンドマット・M,1500,375,Mサイズ,ローラン
あおいラウンドマット・S,1000,250,Sサイズ,ローラン
あおブロックのラグ,2000,500,Lサイズ,ローラン
あおボーダーのラグ,2000,500,Lサイズ,ローラン
あかあおチェックキルトのラグ,2000,500,Lサイズ,ローラン
あかいアーガイルのラグ,2000,500,Lサイズ,ローラン
あかいウェーブのラグ,2000,500,Lサイズ,ローラン
あかいキリムのカーペット,2000,500,Lサイズ,ローラン
あかいシンプルマット・M,1500,375,Mサイズ,ローラン
あかいシンプルマット・S,1000,250,Sサイズ,ローラン
あかいパターンキッチンマット,1000,250,Sサイズ,ローラン
あかいビニールシート,1500,375,Mサイズ,ローラン
あかいペルシャじゅうたん,2000,500,Lサイズ,ローラン
あかいメッセージマット,1000,250,Sサイズ,ローラン
あかいラウンドマット・M,1500,375,Mサイズ,ローラン
あかいラウンドマット・S,1000,250,Sサイズ,ローラン
あかブロックのラグ,1500,375,Mサイズ,ローラン
アルミマット,1500,375,Mサイズ,ローラン
イエローローズのラグ,1500,375,Mサイズ,ローラン
いちじょうのたたみ,1500,375,Mサイズ,ローラン
オーバルなげんかんマット,1000,250,Sサイズ,ローラン
おサカナのラグ,非売品,375,Mサイズ,つり大会
オチャメなははのキッチンマット,非売品,88,Sサイズ,はは
オレンジのシンプルマット・M,1500,375,Mサイズ,ローラン
オレンジのシンプルマット・S,1000,250,Sサイズ,ローラン
オレンジのラグ,非売品,1200,Mサイズ,DIY
カーキのシンプルマット・M,1500,375,Mサイズ,ローラン
カーキのシンプルマット・S,1000,250,Sサイズ,ローラン
かいがらのラグ,非売品,5400,Mサイズ,DIY
かせきのラグ,1500,375,Mサイズ,ローラン
カラフルなビニールシート,1500,375,Mサイズ,ローラン
きいろいアーガイルのラグ,2000,500,Lサイズ,ローラン
きいろいキッチンマット,1000,250,Sサイズ,ローラン
きいろいキリムのカーペット,2000,500,Lサイズ,ローラン
きいろいチェックキルトのラグ,2000,500,Lサイズ,ローラン
きいろいパターンキッチンマット,1000,250,Sサイズ,ローラン
きいろいビニールシート,1500,375,Mサイズ,ローラン
きいろいブロックのラグ,1500,375,Mサイズ,ローラン
きいろいペルシャじゅうたん,2000,500,Lサイズ,ローラン
きいろいペルシャじゅうたん,2000,500,Lサイズ,ローラン
きいろいボーダーのラグ,2000,500,Lサイズ,ローラン
きいろいメッセージマット,1000,250,Sサイズ,ローラン
きいろいラウンドマット・M,1500,375,Mサイズ,ローラン
きいろいラウンドマット・S,1000,250,Sサイズ,ローラン
きのこのラグ,1500,375,Mサイズ,ローラン
クールなははのキッチンマット,非売品,88,Mサイズ,はは
グリーンのシンプルバスマット,1000,250,Sサイズ,ローラン
くろいウッドデッキのラグ,1500,375,Mサイズ,ローラン
くろいシンプルマット・M,1500,375,Mサイズ,ローラン
くろいシンプルマット・S,1000,250,Sサイズ,ローラン
くろいパターンキッチンマット,1000,250,Sサイズ,ローラン
げんきなははのキッチンマット,非売品,88,Sサイズ,はは
ゴムのどろふきマット,1000,250,Sサイズ,ローラン
さくらんぼのラグ,非売品,1200,Mサイズ,DIY
しろいウッドデッキのラグ,1500,375,Mサイズ,ローラン
しろいシンプルマット・M,1500,375,Mサイズ,ローラン
しろいメッセージマット,1000,250,Sサイズ,ローラン
スノーフレークなラグ,1500,375,Mサイズ,ローラン
ダークなバンブーラグ,非売品,960,Mサイズ,DIY
たぬきかいはつのスクエアラグ,600,3000,Lサイズ,Nintendo Switch Onlineに加入する
たぬきかいはつのボタニカルラグ,1000,5000,Mサイズ,Ver1.1.0にアップデートする
たぬきかいはつのラグ,1000,5000,Mサイズ,たぬきマイル交換
たよれるははのキッチンマット,非売品,88,Sサイズ,はは
だらしないラグ,2000,500,Lサイズ,ローラン
ちきゅうのラグ,1500,375,Mサイズ,ローラン
ちゃいろいアーガイルのラグ,2000,500,Lサイズ,ローラン
ちゃいろいウッドデッキのラグ,1500,375,Mサイズ,ローラン
ちゃいろいキッチンマット,1000,250,Sサイズ,ローラン
ちゃいろいシャギーなラグ,2000,500,Lサイズ,ローラン
ちゃいろいシンプルマット・M,1500,375,Mサイズ,ローラン
ちゃいろいシンプルマット・S,1000,250,Sサイズ,ローラン
テントウムシのラグ,非売品,375,Mサイズ,ムシとりたいかい
ナシのラグ,非売品,1200,Mサイズ,DIY
ナチュラルなウッドデッキのラグ,1500,375,Mサイズ,ローラン
ネイビーのシンプルバスマット,1000,250,Sサイズ,ローラン
ハードマット,1000,250,Sサイズ,ローラン
パープルハートのラグ,1500,375,Mサイズ,ローラン
ピンクのシンプルバスマット,1000,250,Sサイズ,ローラン
ピンクハートのラグ,1500,375,Mサイズ,ローラン
ピンクローズのラグ,1500,375,Mサイズ,ローラン
ふるいむしろのラグ,2000,500,Lサイズ,ローラン
ブルーハートのラグ,1500,375,Mサイズ,ローラン
ボタニカルなラグ,2000,500,Lサイズ,ローラン
ホワイトハートのラグ,1500,375,Mサイズ,ローラン
ホワイトローズのラグ,1500,375,Mサイズ,ローラン
まほうじんのラグ,1500,375,Mサイズ,ローラン
みどりのキッチンマット,1000,250,Sサイズ,ローラン
みどりのキリムのカーペット,2000,500,Lサイズ,ローラン
みどりのジャギーなラグ,2000,500,Lサイズ,ローラン
みどりのチェックキルトのラグ,2000,500,Lサイズ,ローラン
みどりボーダーのラグ,2000,500,Lサイズ,ローラン
みなみのしまのラグ,1500,375,Mサイズ,ローラン
むらさきのシャギーなラグ,2000,500,Lサイズ,ローラン
むらさきのシンプルマット・M,1500,375,Mサイズ,ローラン
むらさきのシンプルマットS,1000,250,Sサイズ,ローラン
むらさきのペルシャじゅうたん,2000,500,Lサイズ,ローラン
もくもくのラグ,1500,375,Mサイズ,ローラン
モダンなウェーブのラグ,2000,500,Lサイズ,ローラン
モノクロウェーブのラグ,2000,500,Lサイズ,ローラン
モノクロドットのラグ,2000,500,Lサイズ,ローラン
モノクロブロックのラグ,1500,375,Mサイズ,ローラン
ももいろチェックキルトのラグ,2000,500,Lサイズ,ローラン
ももいろボーダーのラグ,2000,500,Lサイズ,ローラン
モモのラグ,非売品,1200,Mサイズ,DIY
ライトなバンブーラグ,非売品,2400,Mサイズ,DIY
リンゴのラグ,非売品,1200,Mサイズ,DIY
レースのラグ,1500,375,Mサイズ,ローラン
レッドカーペット,1500,375,Mサイズ,ローラン
レッドドットのラグ,2000,500,Lサイズ,ローラン
レッドローズのラグ,1500,375,Mサイズ,ローラン
レトロドットのラグ,2000,500,Lサイズ,ローラン