name,price,sales,get,sort
3だんゆきだるま,非売品,7420 ,DIY,家具
アーケードゲーム(FTG),64000,16000 ,たぬき商店,家具
アーケードゲーム(STG),64000,16000 ,たぬき商店,家具
アーケードゲーム(TBL),64000,16000 ,たぬき商店,家具
アームのフロアランプ,1900,475 ,たぬき商店,家具
アイアンウッドカップボード,非売品,9780 ,DIY,家具
アイアンウッドキッチン,非売品,7560 ,DIY,家具
アイアンウッドチェア,非売品,1860 ,DIY,家具
アイアンウッドチェスト,非売品,3840 ,DIY,家具
アイアンウッドテーブル,非売品,5940 ,DIY,家具
アイアンウッドベッド,非売品,9900 ,DIY,家具
アイアンウッドローテーブル,非売品,3720 ,DIY,家具
アイアンウッドワゴン,非売品,3720 ,DIY,家具
アイアンウッドDIYテーブル,非売品,8520 ,DIY,家具
アイアンガーデンチェア,非売品,2250 ,DIY,家具
アイアンガーデンテーブル,非売品,3750 ,DIY,家具
アイアンガーデンベンチ,非売品,6000 ,DIY,家具
アイアンクロゼット,非売品,9000 ,DIY,家具
アイアンシェルフ,非売品,10500 ,DIY,家具
アイアンハンガースタンド,非売品,2250 ,DIY,家具
アイアンワークテーブル,非売品,7500 ,DIY,家具
アイランドキッチン,170000,42500 ,たぬき商店,家具
アイロンだい,2300,575 ,たぬき商店,家具
アウトドアテーブル,2200,550 ,たぬき商店,家具
アウトドアはつでんき,4900,1225 ,たぬき商店,家具
アウトドアベンチ,1300,325 ,たぬき商店,家具
あおコーナー,6100,1525 ,たぬき商店,家具
あかいおちば,非売品,1280 ,DIY,家具
あかコーナー,6100,1525 ,たぬき商店,家具
アクエリアスのみずがめ,非売品,22125 ,DIY,家具
アコースティックギター,非売品,3210 ,DIY,家具
アストロノーツ,非売品,6250 ,DIY,家具
アップライトピアノ,53000,13250 ,たぬき商店,家具
アリエスのもくば,非売品,12125 ,DIY,家具
アリがたいムシかご,非売品,450 ,ムシとり大会,家具
アリづか,非売品,550 ,ムシとり大会,家具
アルトサックス,3400,850 ,たぬき商店,家具
アンティークなイス,10000,2500 ,たぬき商店,家具
アンティークなコンソール,17000,4250 ,たぬき商店,家具
アンティークなテーブル,25000,6250 ,たぬき商店,家具
アンティークなとけい,44000,11000 ,たぬき商店,家具
アンティークなドレッサー,31000,7750 ,たぬき商店,家具
アンティークなビューロ,20000,5000 ,たぬき商店,家具
アンティークなベッド,28000,7000 ,たぬき商店,家具
アンティークなミニテーブル,6700,1675 ,たぬき商店,家具
アンティークなワードローブ,37000,9250 ,たぬき商店,家具
あんどん,780,195 ,たぬき商店,家具
イースターなアーチ,非売品,4800 ,DIY,家具
イースターなクロゼット,非売品,1600 ,DIY,家具
イースターなスツール,非売品,1200 ,DIY,家具
イースターなテーブル,非売品,1600 ,DIY,家具
イースターなドレッサー,非売品,1600 ,DIY,家具
イースターなバルーンA,非売品,1200 ,DIY,家具
イースターなバルーンB,非売品,1200 ,DIY,家具
イースターなベッド,非売品,2400 ,DIY,家具
イカすクーラーボックス,非売品,450 ,つり大会,家具
いかりオブジェ,非売品,1400 ,つり大会,家具
いしがま,非売品,3820 ,DIY,家具
いしのスツール,非売品,450 ,DIY,家具
いしのテーブル,非売品,1200 ,DIY,家具
いしのみずうけ,非売品,1500 ,DIY,家具
いしのみずうけ～さくら～,非売品,2700 ,DIY,家具
いしのみずうけ～もみじ～,非売品,2700 ,DIY,家具
いとぐるま,970,242 ,たぬき商店,家具
いぬごや,非売品,2040 ,DIY,家具
いろり,非売品,5470 ,DIY,家具
いんせき,非売品,4000 ,DIY,家具
ヴァルゴのハープ,非売品,22050 ,DIY,家具
ウォーターサーバー,3400,850 ,たぬき商店,家具
ウォータービュー,1900,475 ,たぬき商店,家具
エアーソファ,1100,275 ,たぬき商店,家具
エクササイズバイク,4800,1200 ,たぬき商店,家具
エフェクターラック,6800,1700 ,たぬき商店,家具
エレキギターES1,3100,775 ,たぬき商店,家具
エレキギターES2,71000,17750 ,たぬき商店,家具
エレキベース,82000,20500 ,たぬき商店,家具
えんげいワゴン,非売品,3180 ,DIY,家具
おうごんのトイレ,非売品,60000 ,DIY,家具
おうごんのひつぎ,非売品,80000 ,DIY,家具
おうごんのベンチ,非売品,50000 ,DIY,家具
おおきなきのみのツリー,非売品,6080 ,DIY,家具
おおきなクリスマスツリー,非売品,3200 ,DIY,家具
オーブンつきコンロ,3500,875 ,たぬき商店,家具
おかしのじはんき,2000,10000 ,たぬきマイル交換,家具
おすのフラミンゴ,3000,750 ,たぬき商店,家具
おちば,非売品,1300 ,DIY,家具
おちばスツール,非売品,1560 ,DIY,家具
おちばのたきび,非売品,1330 ,DIY,家具
おはなみセット,非売品,4000 ,DIY,家具
おはなみのちょうちん,非売品,2880 ,DIY,家具
オフィスのチェア,2200,550 ,たぬき商店,家具
オフィスのデスク,3600,900 ,たぬき商店,家具
おり,非売品,3750 ,DIY,家具
オリエンタルなスクリーン,5000,1250 ,たぬき商店,家具
オリエンタルなチェスト,9300,2325 ,たぬき商店,家具
オリエンタルなベッド,23000,5750 ,たぬき商店,家具
オリエンタルなローテーブル,3700,925 ,たぬき商店,家具
オレンジのサイドテーブル,非売品,2480 ,DIY,家具
ガーデンベンチ,非売品,4440 ,DIY,家具
ガーデンライト,1400,350 ,たぬき商店,家具
かいがらのアーチ,非売品,12360 ,DIY,家具
かいがらのスクリーン,非売品,8000 ,DIY,家具
かいがらのスツール,非売品,600 ,DIY,家具
かいがらのテーブル,非売品,2280 ,DIY,家具
かいがらのふんすい,非売品,9450 ,DIY,家具
かいがらのベッド,非売品,10200 ,DIY,家具
ガイコツマイク,1800,450 ,たぬき商店,家具
かいじゅう,5000,25000 ,たぬきマイル交換,家具
がいとう,1000,5000 ,たぬきマイル交換,家具
カカオ,2300,575 ,たぬき商店,家具
かかし,非売品,130 ,DIY,家具
がくしゅうチェア,1700,425 ,たぬき商店,家具
がくしゅうデスク,7100,1775 ,たぬき商店,家具
かさたて,非売品,2250 ,DIY,家具
かせつトイレ,1000,5000 ,たぬきマイル交換,家具
がっこうのイス,980,245 ,たぬき商店,家具
がっこうのつくえ,1100,275 ,たぬき商店,家具
カプリコーンのおきもの,非売品,22650 ,DIY,家具
かまどのキッチン,3300,825 ,たぬき商店,家具
かわいいクリスマスツリー,非売品,1400 ,DIY,家具
かんこうぼうえんきょう,2000,10000 ,たぬきマイル交換,家具
きいろのおちば,非売品,1300 ,DIY,家具
キクのクッション,非売品,440 ,DIY,家具
キノコのげんぼく,非売品,1680 ,DIY,家具
キノコのスクリーン,非売品,1800 ,DIY,家具
キノコのスツール,非売品,800 ,DIY,家具
キノコのテーブル,非売品,1520 ,DIY,家具
キノコのパラソル,非売品,1200 ,DIY,家具
キノコのランプ,非売品,1600 ,DIY,家具
きのみのアーチ,非売品,5750 ,DIY,家具
きものスタンド,3200,800 ,たぬき商店,家具
キャスターペール,1000,250 ,たぬき商店,家具
キャットタワー,3000,750 ,たぬき商店,家具
キャンサーのテーブル,非売品,21975 ,DIY,家具
キャンディマシン,2800,700 ,たぬき商店,家具
キャンプじょうのかんばん,2500,625 ,『どうぶつの森 ポケットキャンプ』コラボ,家具
キャンプファイア,非売品,1230 ,DIY,家具
キャンプベッド,1800,450 ,最初からもっている,家具
キュートなクロゼット,7300,1825 ,たぬき商店,家具
キュートなソファ,9600,2400 ,たぬき商店,家具
キュートなチェア,4300,1075 ,たぬき商店,家具
キュートなティーテーブル,3000,750 ,たぬき商店,家具
キュートなドレッサー,5400,1350 ,たぬき商店,家具
キュートなフロアランプ,3500,875 ,たぬき商店,家具
キュートなベッド,12000,3000 ,たぬき商店,家具
キュートなDIYテーブル,7000,1750 ,たぬき商店,家具
きょうたく,2000,500 ,たぬき商店,家具
きんこ,3600,900 ,たぬき商店,家具
くまのダイちゃん,8500,2125 ,たぬき商店,家具
くまのトクダイちゃん,非売品,6300 ,DIY,家具
くまのナミちゃん,2300,575 ,たぬき商店,家具
クライミングウォール,4300,1075 ,たぬき商店,家具
グランドピアノ,260000,65000 ,たぬき商店,家具
グランドライト,2200,550 ,たぬき商店,家具
くるまイス,2700,675 ,たぬき商店,家具
クロスつきテーブル,5100,1275 ,たぬき商店,家具
くんせいマシン,5500,1375 ,たぬき商店,家具
ゲームセンターのイス,1300,325 ,たぬき商店,家具
げつめんいどうしゃ,非売品,12580 ,DIY,家具
けんすいスタンド,4800,1200 ,たぬき商店,家具
こうえんだい,3400,850 ,たぬき商店,家具
こうえんのとけい,2400,12000 ,たぬきマイル交換,家具
ごうかなきものスタンド,220000,55000 ,たぬき商店,家具
こうぎしつのイス,3300,825 ,たぬき商店,家具
こうぎしつのつくえ,2500,625 ,たぬき商店,家具
こうきゅうコンポ,82000,20500 ,たぬき商店,家具
こうぐだな,7300,1825 ,たぬき商店,家具
こうじちゅうかんばん,1000,5000 ,たぬきマイル交換,家具
ごえもんぶろ,非売品,6270 ,DIY,家具
こおりのアーチ,非売品,9000 ,DIY,家具
こおりのアート,非売品,6600 ,DIY,家具
こおりのイス,非売品,6200 ,DIY,家具
こおりのカウンター,非売品,7000 ,DIY,家具
こおりのツリー,非売品,8200 ,DIY,家具
こおりのテーブル,非売品,8200 ,DIY,家具
こおりのパーテーション,非売品,7400 ,DIY,家具
こおりのはしら,非売品,6200 ,DIY,家具
こおりのベッド,非売品,9000 ,DIY,家具
ゴールドクレスト,1000,250 ,たぬき商店,家具
こくばん,2600,650 ,たぬき商店,家具
こけむしたにわいし,非売品,2550 ,DIY,家具
ごじゅうのとう,非売品,2030 ,ジョニー,家具
コスモスのシャワー,非売品,3050 ,DIY,家具
こたつ,3700,925 ,たぬき商店,家具
こっかくひょうほん,3900,975 ,たぬき商店,家具
ごばん,1800,450 ,たぬき商店,家具
こもれびひろばのかざり,3200,800 ,『どうぶつの森 ポケットキャンプ』コラボ,家具
ゴルフバッグ,54000,13500 ,たぬき商店,家具
サーキュレーター,1100,275 ,たぬき商店,家具
サーバー,100000,25000 ,たぬき商店,家具
サービングカート,1300,325 ,たぬき商店,家具
サーフボード,4100,1025 ,たぬき商店,家具
ざいす,730,183 ,たぬき商店,家具
サイロ,非売品,13920 ,DIY,家具
サウナストーブ,非売品,3510 ,DIY,家具
さくらのえだ,非売品,4240 ,DIY,家具
さくらのはなびらのやま,非売品,2000 ,DIY,家具
サッカーゴール,4000,20000 ,たぬきマイル交換,家具
ざぶとん,500,125 ,たぬき商店,家具
ざぶとんのやま,非売品,750 ,DIY,家具
サンドバッグ,3800,950 ,たぬき商店,家具
さんりんしゃ,1600,400 ,たぬき商店,家具
ジェミニのクロゼット,非売品,22200 ,DIY,家具
ししおどし,非売品,1740 ,DIY,家具
システムキッチン,130000,32500 ,たぬき商店,家具
しちゃくしつ,3700,925 ,たぬき商店,家具
しつがいき,2200,550 ,たぬき商店,家具
しばかりき,2900,725 ,たぬき商店,家具
じはんき,2000,10000 ,たぬきマイル交換,家具
ジャグジー,130000,32500 ,たぬき商店,家具
シャワーブース,110000,27500 ,たぬき商店,家具
ジャングルジム,3000,15000 ,たぬきマイル交換,家具
ジュークボックス,5600,1400 ,たぬき商店,家具
じゆうのめがみ,非売品,2300 ,ジョニー,家具
シュラフ,1400,350 ,たぬき商店,家具
しょうはブロック,非売品,3500 ,DIY,家具
しょうべんき,1900,475 ,たぬき商店,家具
しょさいのイス,8700,2175 ,たぬき商店,家具
しょさいのつくえ,10000,2500 ,たぬき商店,家具
じんこうえいせい,非売品,16250 ,DIY,家具
シンセサイザー,66000,16500 ,たぬき商店,家具
じんたいもけい,3500,875 ,たぬき商店,家具
しんちょうけい,2100,525 ,たぬき商店,家具
シンプルないど,非売品,2850 ,DIY,家具
シンプルなパネル,810,202 ,たぬき商店,家具
スタンドフラワー,非売品,2880 ,DIY,家具
スタンドマイク,1000,250 ,たぬき商店,家具
スティックそうじき,2500,625 ,たぬき商店,家具
ストーンアーチ,非売品,13500 ,DIY,家具
ストーンヘンジ,非売品,2300 ,ジョニー,家具
ストリートピアノ,非売品,26755 ,DIY,家具
すなのしろ,2100,525 ,たぬき商店,家具
すなば,2400,12000 ,たぬきマイル交換,家具
すばこ,非売品,840 ,DIY,家具
スピードバッグ,3500,875 ,たぬき商店,家具
スフィンクス,非売品,2100 ,ジョニー,家具
スプリングゆうぐ,2000,10000 ,たぬきマイル交換,家具
スペースシャトル,非売品,10000 ,DIY,家具
スポットライト,2100,525 ,たぬき商店,家具
ズボンプレッサー,1900,475 ,たぬき商店,家具
スライムランプ,1500,375 ,たぬき商店,家具
スロップシンク,3500,875 ,たぬき商店,家具
せかいのみちしるべ,非売品,1440 ,DIY,家具
せきしし,非売品,3600 ,DIY,家具
せきひ,非売品,1800 ,DIY,家具
せんたくき,4500,1125 ,たぬき商店,家具
せんぷうき,1700,425 ,たぬき商店,家具
せんめんだい,3300,825 ,たぬき商店,家具
そうじき,3800,950 ,たぬき商店,家具
ゾウのすべりだい,4200,1050 ,たぬき商店,家具
ソーラーパネル,4000,20000 ,たぬきマイル交換,家具
ソフトクリームランプ,3000,750 ,たぬき商店,家具
そぼくなせんめんだい,非売品,2270 ,DIY,家具
そぼくなもくせいかんばん,非売品,720 ,DIY,家具
そぼくなDIYさぎょうだい,非売品,1350 ,DIY,家具
そらとぶえんばん,非売品,15000 ,DIY,家具
そり,非売品,960 ,DIY,家具
ダーツボード,5200,1300 ,たぬき商店,家具
たいじゅうそくていき,930,232 ,たぬき商店,家具
ダイナーなイス,1600,400 ,たぬき商店,家具
ダイナーなカウンターチェア,1100,275 ,たぬき商店,家具
ダイナーなカウンターテーブル,6000,1500 ,たぬき商店,家具
ダイナーなソファ,3500,875 ,たぬき商店,家具
ダイナーなダイニングテーブル,6400,1600 ,たぬき商店,家具
ダイナーなネオンかんばん,3900,975 ,たぬき商店,家具
ダイナーなミニテーブル,1600,400 ,たぬき商店,家具
たいまつ,非売品,650 ,DIY,家具
タイヤのゆうぐ,非売品,20 ,DIY,家具
タウラスのバスタブ,非売品,12350 ,DIY,家具
たかいにわいし,非売品,9000 ,DIY,家具
たきび,非売品,30 ,DIY,家具
たけのかご,非売品,1120 ,DIY,家具
たけのくるまどめ,非売品,480 ,DIY,家具
たけのシェルフ,非売品,2400 ,DIY,家具
たけのスクリーン,非売品,2020 ,DIY,家具
たけのスツール,非売品,800 ,DIY,家具
たけのスピーカー,非売品,1230 ,DIY,家具
たけのビックリばこ,非売品,2400 ,DIY,家具
たけのフロアスタンド,非売品,1280 ,DIY,家具
たけのベンチ,非売品,1280 ,DIY,家具
タタミのベッド,2800,700 ,たぬき商店,家具
たっきゅうだい,44000,11000 ,たぬき商店,家具
たぬきのおきもの,非売品,1200 ,DIY,家具
ダブルソファ,4300,1075 ,たぬき商店,家具
たる,非売品,2100 ,DIY,家具
タンクレストイレ,4100,1025 ,たぬき商店,家具
ダンボールソファ,非売品,120 ,DIY,家具
ダンボールチェア,非売品,60 ,DIY,家具
ダンボールテーブル,非売品,240 ,DIY,家具
ダンボールベッド,非売品,240 ,DIY,家具
だんろ,5900,1475 ,たぬき商店,家具
ちいさなDIYさぎょうだい,非売品,2580 ,DIY,家具
チェロ,130000,32500 ,たぬき商店,家具
ちゃくりくせん,非売品,16250 ,DIY,家具
ちゃぶだい,非売品,1440 ,DIY,家具
ちゅうかテーブル,73000,18250 ,たぬき商店,家具
ちゅうかなイス,29000,7250 ,たぬき商店,家具
チューリップのビックリばこ,非売品,760 ,DIY,家具
ちらばったかみ,非売品,400 ,DIY,家具
ツールカート,2400,600 ,たぬき商店,家具
つき,非売品,12500 ,DIY,家具
つまれたタイヤ,非売品,60 ,DIY,家具
つみきコンポ,非売品,2460 ,DIY,家具
つみきスツール,非売品,600 ,DIY,家具
つみきチェア,非売品,720 ,DIY,家具
つみきチェスト,非売品,1800 ,DIY,家具
つみきテーブル,非売品,1320 ,DIY,家具
つみきブックシェルフ,非売品,720 ,DIY,家具
つみきベッド,非売品,2400 ,DIY,家具
つみきベンチ,非売品,840 ,DIY,家具
ツリーのイルミネーション,非売品,6700 ,DIY,家具
ディレクターズチェア,1600,400 ,たぬき商店,家具
テーブルサッカー,2300,575 ,たぬき商店,家具
ておしぐるま,非売品,960 ,DIY,家具
ておしポンプ,非売品,2700 ,DIY,家具
てっこつ,非売品,15000 ,DIY,家具
てつどうもけい,7900,1975 ,たぬき商店,家具
てまわしオルガン,5000,1250 ,たぬき商店,家具
テレビカメラ,14000,3500 ,たぬき商店,家具
でんちゅう,1000,5000 ,たぬきマイル交換,家具
でんどうキックボード,4400,1100 ,たぬき商店,家具
でんわボックス,2400,12000 ,たぬきマイル交換,家具
トイレそうじセット,670,167 ,たぬき商店,家具
とうだい,5000,25000 ,たぬきマイル交換,家具
とうろう,非売品,2700 ,DIY,家具
トナカイのイルミネーション,非売品,4350 ,DIY,家具
どら,非売品,5100 ,DIY,家具
ドラムかん,650,162 ,たぬき商店,家具
ドラムかんぶろ,非売品,655 ,DIY,家具
ドラムしきせんたくき,76000,19000 ,たぬき商店,家具
ドラムセット,5600,1400 ,たぬき商店,家具
とりかご,非売品,960 ,DIY,家具
トロフィーケース,非売品,33690 ,DIY,家具
ながしそうめん,非売品,3160 ,DIY,家具
ナシのクロゼット,非売品,2600 ,DIY,家具
ナシのベッド,非売品,2720 ,DIY,家具
ナチュラルなガーデンチェア,非売品,2220 ,DIY,家具
ナチュラルなガーデンテーブル,非売品,3330 ,DIY,家具
ナチュラルなスクエアテーブル,非売品,1980 ,DIY,家具
ナナメのみちしるべ,非売品,600 ,DIY,家具
なんきょくてん,非売品,1050 ,ジョニー,家具
にだんベッド,5000,1250 ,たぬき商店,家具
ニュートラルコーナー,6100,1525 ,たぬき商店,家具
ねこあしバスタブ,63000,15750 ,たぬき商店,家具
ネコぐるま,1900,475 ,たぬき商店,家具
ネコのトイレ,1100,275 ,たぬき商店,家具
バースデーテーブル,非売品,300 ,誕生日,家具
バースデーボード,非売品,300 ,誕生日,家具
バードバス,非売品,900 ,DIY,家具
ハープ,130000,32500 ,たぬき商店,家具
バーベキューグリル,2500,625 ,たぬき商店,家具
バーベル,非売品,7500 ,DIY,家具
パームツリーランプ,非売品,3280 ,DIY,家具
パイプイス,920,230 ,たぬき商店,家具
パイロン,630,157 ,たぬき商店,家具
バスケットのゴール,11000,2750 ,たぬき商店,家具
バスタブ,7800,1950 ,たぬき商店,家具
バターかくはんき,非売品,1980 ,DIY,家具
はたおりき,13000,3250 ,たぬき商店,家具
はなわ,1800,450 ,たぬき商店,家具
パブリックベンチ,2000,10000 ,たぬきマイル交換,家具
バラのベッド,非売品,1400 ,DIY,家具
パラボラアンテナ,4000,20000 ,たぬきマイル交換,家具
バランスボール,1100,275 ,たぬき商店,家具
ハリボテのいけがき,非売品,600 ,DIY,家具
ハリボテのき,非売品,1560 ,DIY,家具
ハリボテのくさ,非売品,480 ,DIY,家具
ハリボテのやま,非売品,1080 ,DIY,家具
はんごう,900,225 ,たぬき商店,家具
パンジーのテーブル,非売品,760 ,DIY,家具
パンダのタアタア,8500,2125 ,たぬき商店,家具
パンダのチュンチュン,3500,875 ,たぬき商店,家具
ハンモック,1300,325 ,たぬき商店,家具
ピアノのイス,990,247 ,たぬき商店,家具
ピアノのまるいす,1000,250 ,たぬき商店,家具
ビーチタオル,380,95 ,たぬき商店,家具
ビーチのかんしだい,1000,5000 ,たぬきマイル交換,家具
ビーチベッド,920,230 ,たぬき商店,家具
ヒーローロボ,非売品,250000 ,DIY,家具
ひくいついたて,870,217 ,たぬき商店,家具
ひくいにわいし,非売品,3000 ,DIY,家具
ピサのしゃとう,非売品,2300 ,ジョニー,家具
ピスケスのランプ,非売品,22050 ,DIY,家具
ひっこしダンボールL,非売品,300 ,DIY,家具
ひっこしダンボールM,非売品,240 ,DIY,家具
ひっこしダンボールS,非売品,120 ,DIY,家具
ビデ,1800,450 ,たぬき商店,家具
ビデオカメラ,32000,8000 ,たぬき商店,家具
ビニールチェア,760,190 ,たぬき商店,家具
ビニールプール,3100,775 ,たぬき商店,家具
ひのきぶろ,13000,3250 ,たぬき商店,家具
ひもの,非売品,750 ,つり大会,家具
びょうぶ,140000,35000 ,たぬき商店,家具
ピラミッド,非売品,2300 ,ジョニー,家具
ビリヤードのだい,77000,19250 ,たぬき商店,家具
ピンボールだい,2700,675 ,たぬき商店,家具
ファイヤーピット,96000,24000 ,たぬき商店,家具
ファッションケース,3100,775 ,たぬき商店,家具
ふうりょくはつでんき,4000,20000 ,たぬきマイル交換,家具
プール,5000,25000 ,たぬきマイル交換,家具
プールサイドベッド,3400,850 ,たぬき商店,家具
フォーチュンクッキーワゴン,2600,650 ,『どうぶつの森 ポケットキャンプ』 コラボ,家具
ふとん,1600,960 ,たぬき商店,家具
ふめんだい,非売品,960 ,DIY,家具
ブリキのペール,960,240 ,たぬき商店,家具
ふるいミシン,2200,550 ,たぬき商店,家具
フレームキッチン,140000,35000 ,たぬき商店,家具
プレスベンチ,5400,1350 ,たぬき商店,家具
プレゼントのイルミネーション,非売品,2950 ,DIY,家具
フレンチドアれいぞうこ,60000,15000 ,たぬき商店,家具
フロアランプ,1400,350 ,たぬき商店,家具
ふんすい,非売品,11700 ,DIY,家具
ペール,1000,250 ,たぬき商店,家具
ベッドデスク,7700,1925 ,たぬき商店,家具
ペットのベッド,1100,275 ,たぬき商店,家具
ベンチブランコ,非売品,1440 ,DIY,家具
ぼうえんきょう,5600,1400 ,たぬき商店,家具
ホースリール,1400,350 ,たぬき商店,家具
ほしくさのベッド,非売品,400 ,DIY,家具
ボックスソファ,2700,675 ,たぬき商店,家具
ボックスソファのコーナー,2700,675 ,たぬき商店,家具
ポップコーンマシン,4900,1225 ,たぬき商店,家具
ホワイトボード,2600,650 ,たぬき商店,家具
ぼんさいだな,非売品,8460 ,DIY,家具
マイクロライブラリー,非売品,1035 ,DIY,家具
マウンテンバイク,5100,1275 ,たぬき商店,家具
マウントシェードのフロアランプ,1700,425 ,たぬき商店,家具
まきストーブ,2100,525 ,たぬき商店,家具
まめイス,1200,300 ,たぬき商店,家具
マリンバ,4300,1075 ,たぬき商店,家具
まるがたストーブ,2700,675 ,たぬき商店,家具
まるたのガーデンベッド,非売品,1440 ,DIY,家具
まるたのかざりだな,非売品,1560 ,DIY,家具
まるたのくい,非売品,360 ,DIY,家具
まるたのスツール,非売品,480 ,DIY,家具
まるたのソファ,非売品,960 ,DIY,家具
まるたのダイニングテーブル,非売品,1800 ,DIY,家具
まるたのベッド,非売品,3600 ,DIY,家具
まるたのベンチ,非売品,600 ,DIY,家具
まるたのラウンドテーブル,非売品,1800 ,DIY,家具
まるたのロングソファ,非売品,1920 ,DIY,家具
マルチコンポ,10000,2500 ,たぬき商店,家具
まわるコーヒーカップ,5000,25000 ,たぬきマイル交換,家具
マンホール,非売品,2250 ,DIY,家具
みかづきチェア,非売品,8500 ,DIY,家具
みしらぬネコのかばん,非売品,2000 ,メーデーツアー,家具
みずのみば,非売品,2700 ,DIY,家具
みちしるべ,非売品,600 ,DIY,家具
みどりのおちば,非売品,600 ,DIY,家具
ミニれいぞうこ,1300,325 ,たぬき商店,家具
めすのフラミンゴ,3000,750 ,たぬき商店,家具
メニューこくばん,1800,450 ,たぬき商店,家具
モアイ,非売品,1900 ,ジョニー,家具
もくせいクロゼット,非売品,1440 ,DIY,家具
もくせいサイドテーブル,非売品,960 ,DIY,家具
もくせいシングルベッド,非売品,2160 ,DIY,家具
もくせいスツール,非売品,480 ,DIY,家具
もくせいダブルベッド,非売品,3600 ,DIY,家具
もくせいチェア,非売品,720 ,DIY,家具
もくせいチェスト,非売品,1920 ,DIY,家具
もくせいテーブル,非売品,1800 ,DIY,家具
もくせいのくずかご,非売品,480 ,DIY,家具
もくせいのすがたみ,非売品,1350 ,DIY,家具
もくせいのバケツ,非売品,1110 ,DIY,家具
もくせいのほんだな,非売品,1925 ,DIY,家具
もくせいミニテーブル,非売品,720 ,DIY,家具
もくせいローテーブル,非売品,1200 ,DIY,家具
もくば,非売品,600 ,DIY,家具
ものほしざお,1100,275 ,たぬき商店,家具
ものほしスタンド,2700,675 ,たぬき商店,家具
ものほしロープ,非売品,100 ,DIY,家具
モモのチェア,非売品,2600 ,DIY,家具
モンステラ,1700,425 ,たぬき商店,家具
やたい,非売品,1440 ,DIY,家具
ヤマドリヤシ,1200,300 ,たぬき商店,家具
ゆうしょうき,3900,975 ,たぬき商店,家具
ゆうじんうちゅうせん,非売品,20000 ,DIY,家具
ゆきのイルミネーション,非売品,3150 ,DIY,家具
ユッカ,2100,525 ,たぬき商店,家具
ユリのレコードプレーヤー,非売品,3010 ,DIY,家具
ようしきトイレ,4400,1100 ,たぬき商店,家具
ようふうのはかいし,非売品,4500 ,DIY,家具
ようほうばこ,非売品,2400 ,DIY,家具
よくあるにわいし,非売品,2250 ,DIY,家具
ラタンのくずかご,1000,250 ,たぬき商店,家具
ラタンのクロゼット,6900,1725 ,たぬき商店,家具
ラタンのサイドテーブル,4300,1075 ,たぬき商店,家具
ラタンのスツール,2900,725 ,たぬき商店,家具
ラタンのソファ,3200,800 ,たぬき商店,家具
ラタンのドレッサー,5900,1475 ,たぬき商店,家具
ラタンのベッド,7200,1800 ,たぬき商店,家具
ラタンのローテーブル,2900,725 ,たぬき商店,家具
ランニングマシン,64000,16000 ,たぬき商店,家具
リンゴのチェア,非売品,2480 ,DIY,家具
リンゴのテレビ,非売品,3500 ,DIY,家具
ルーレット,2900,725 ,たぬき商店,家具
れいぞうこ,5100,1275 ,たぬき商店,家具
れいとうこ,3500,875 ,たぬき商店,家具
レトロなきゅうゆき,2700,675 ,たぬき商店,家具
レトロなステレオ,6000,1500 ,たぬき商店,家具
レトロなせんぷうき,2100,525 ,たぬき商店,家具
レンガのいど,非売品,2800 ,DIY,家具
ロケット,非売品,20000 ,DIY,家具
ロッカー,3700,925 ,たぬき商店,家具
ロッキングチェア,非売品,960 ,DIY,家具
ロッドスタンド,非売品,300 ,つり大会,家具
ろてんぶろ,非売品,4350 ,DIY,家具
ワイルドなまるたのベンチ,非売品,960 ,DIY,家具
わしきトイレ,1500,375 ,たぬき商店,家具
わたあめのやたい,3000,15000 ,たぬきマイル交換,家具
わふうのはかいし,非売品,4500 ,DIY,家具
DIYさぎょうだい,非売品,6630 ,DIY,家具
DJブース,9300,2325 ,たぬき商店,家具
OKゲームマシン,2700,675 ,『どうぶつの森 ポケットキャンプ』 コラボ,家具
OKモータースの看板,3000,750 ,『どうぶつの森 ポケットキャンプ』 コラボ,家具
TOYなクロゼット,5800,1450 ,たぬき商店,家具
TOYなスクリーン,3600,900 ,たぬき商店,家具
TOYなチェア,1400,350 ,たぬき商店,家具
TOYなテーブル,3800,950 ,たぬき商店,家具
TOYなベッド,3800,950 ,たぬき商店,家具
TVトレイ,1200,300 ,たぬき商店,家具
アイスキャンディー,非売品,5400 ,DIY,こもの
アイロン,820,205 ,たぬき商店,こもの
あきかんカリンバ,非売品,890 ,DIY,こもの
アクセサリースタンド,1500,375 ,たぬき商店,こもの
アネモネのせんぷうき,非売品,1740 ,DIY,こもの
アメフトボール,400,100 ,たぬき商店,こもの
アルコールランプ,400,100 ,たぬき商店,こもの
アルテミアすいそう,1400,350 ,たぬき商店,こもの
アロマスティック,830,207 ,たぬき商店,こもの
アロマディフューザー,1400,350 ,たぬき商店,こもの
アロマポット,非売品,600 ,DIY,こもの
アンスリウム,990,247 ,たぬき商店,こもの
アントファーム,1400,350 ,たぬき商店,こもの
アンプ,5100,1275 ,たぬき商店,こもの
イースターなランプ,非売品,1600 ,DIY,こもの
いっとかん,600,150 ,たぬき商店,こもの
ヴァイオリン,140000,35000 ,たぬき商店,こもの
ウォータージャグ,1400,350 ,たぬき商店,こもの
うきわ,360,90 ,たぬき商店,こもの
ウクレレ,非売品,600 ,DIY,こもの
うたげのキャンドル,1500,375 ,たぬき商店,こもの
うらないセット,1000,250 ,たぬき商店,こもの
えいしゃき,2400,600 ,たぬき商店,こもの
えきしょうテレビ２0インチ,60000,15000 ,たぬき商店,こもの
えきしょうテレビ50インチ,99000,24750 ,たぬき商店,こもの
エスプレッソマシン,5600,1400 ,たぬき商店,こもの
エスプレッソメーカー,1700,425 ,たぬき商店,こもの
エフェクターセット,1400,350 ,たぬき商店,こもの
おうごんのしょくだい,非売品,20000 ,DIY,こもの
おうごんのしょっき,非売品,10000 ,DIY,こもの
おえかきセット,510,127 ,たぬき商店,こもの
オープンリールデッキ,5400,1350 ,たぬき商店,こもの
おきかがみ,1600,400 ,たぬき商店,こもの
おこう,880,220 ,たぬき商店,こもの
おにんぎょう,1600,400 ,たぬき商店,こもの
おべんきょうセット,330,82 ,たぬき商店,こもの
おまつりのコマ,非売品,320 ,DIY,こもの
おもちゃのゴキブリ,非売品,70 ,ムシとり大会,こもの
おもちゃのムカデ,非売品,50 ,ムシとり大会,こもの
おもちゃばこ,2500,625 ,たぬき商店,こもの
かいがらのスピーカー,非売品,5700 ,DIY,こもの
かいがらのランプ,非売品,4200 ,DIY,こもの
かきごおりき,1400,350 ,たぬき商店,こもの
かしつき,1400,350 ,たぬき商店,こもの
カッティングボード,非売品,990 ,DIY,こもの
かめ,非売品,1000 ,DIY,こもの
ガラスのキャンドルホルダー,350,87 ,たぬき商店,こもの
キッチンスケール,1100,275 ,たぬき商店,こもの
きのみのランプ,非売品,3200 ,DIY,こもの
キャンドル,600,150 ,たぬき商店,こもの
キャンピングカーのもけいA,1500,375 ,『どうぶつの森 ポケットキャンプ』 コラボ,こもの
キャンピングカーのもけいB,1500,375 ,『どうぶつの森 ポケットキャンプ』 コラボ,こもの
キュートなオーディオプレーヤー,2600,650 ,たぬき商店,こもの
きんのアロワナ,非売品,30000 ,DIY,こもの
きんのおうちトロフィー,非売品,450 ,ハッピーホームアカデミー,こもの
ぎんのおうちトロフィー,非売品,425 ,ハッピーホームアカデミー,こもの
きんのさかなトロフィー,非売品,450 ,つり大会,こもの
ぎんのサカナトロフィー,非売品,425 ,つり大会,こもの
きんのスカラベ,非売品,30000 ,DIY,こもの
きんののべぼう,非売品,30000 ,DIY,こもの
きんのまねきねこ,非売品,21675 ,DIY,こもの
きんのムシトロフィー,非売品,450 ,ムシとり大会,こもの
ぎんのムシトロフィー,非売品,425 ,ムシとり大会,こもの
クーラーボックス,1700,425 ,たぬき商店,こもの
クッション,300,75 ,たぬき商店,こもの
くまのチビちゃん,1800,450 ,たぬき商店,こもの
クリスマスキャンドル,非売品,600 ,DIY,こもの
くるみわりにんぎょう,非売品,1200 ,ジョニー,こもの
けいたいラジオ,1500,375 ,たぬき商店,こもの
ケトル,1300,325 ,たぬき商店,こもの
ケトルベル,非売品,3750 ,DIY,こもの
けんびきょう,3100,775 ,たぬき商店,こもの
こうぐばこ,1800,450 ,たぬき商店,こもの
コードレスでんわ,1600,400 ,たぬき商店,こもの
コーヒーカップ,270,67 ,たぬき商店,こもの
コーヒーミル,2200,550 ,たぬき商店,こもの
こけだま,720,180 ,たぬき商店,こもの
ココナッツジュース,非売品,500 ,DIY,こもの
コッフェル,1300,325 ,たぬき商店,こもの
ゴミぶくろ,非売品,60 ,DIY,こもの
ゴング,920,230 ,たぬき商店,こもの
さいほうばこ,1000,250 ,たぬき商店,こもの
さくらのぼんさい,非売品,3300 ,DIY,こもの
さくらんぼのスピーカー,非売品,3500 ,DIY,こもの
ざっし,210,52 ,たぬき商店,こもの
ざっしのたば,非売品,630 ,DIY,こもの
シーグローブ,1200,300 ,たぬき商店,こもの
じっけんセット,6000,1500 ,たぬき商店,こもの
シュガー＆ミルク,500,125 ,たぬき商店,こもの
ジュラルミンケース,100000,25000 ,たぬき商店,こもの
しょっき,930,232 ,たぬき商店,こもの
しょるいのやま,1600,400 ,たぬき商店,こもの
すいはんき,2500,625 ,たぬき商店,こもの
スープジャー,3300,825 ,たぬき商店,こもの
スコーピオのランプ,非売品,22125 ,DIY,こもの
スタークロック,非売品,2250 ,DIY,こもの
スターライト,非売品,2500 ,DIY,こもの
スタンドミキサー,1400,350 ,たぬき商店,こもの
すなどけい,660,165 ,たぬき商店,こもの
スノーグローブ,1300,325 ,たぬき商店,こもの
すやきのしょっき,非売品,600 ,DIY,こもの
せいろ,非売品,2400 ,DIY,こもの
せんたくおけ,非売品,360 ,DIY,こもの
ソーイングセット,430,107 ,たぬき商店,こもの
ダーラヘスト,非売品,1300 ,ジョニー,こもの
タイプライター,2000,500 ,たぬき商店,こもの
ダイヤルしきでんわ,640,160 ,たぬき商店,こもの
たけのキャンドルホルダー,非売品,680 ,DIY,こもの
たけのこランプ,非売品,4900 ,DIY,こもの
たけのべんとうばこ,非売品,640 ,DIY,こもの
たけのまり,非売品,480 ,DIY,こもの
たにくしょくぶつ,非売品,220 ,DIY,こもの
ダブルラジカセ,2000,500 ,たぬき商店,こもの
ダンボール,120,30 ,たぬき商店,こもの
ちいさなきのみのツリー,非売品,4120 ,DIY,こもの
チェス,95000,23750 ,たぬき商店,こもの
ちきゅうぎ,1800,450 ,たぬき商店,こもの
ちくおんき,53000,13250 ,たぬき商店,こもの
チャイニーズティーセット,1000,250 ,たぬき商店,こもの
ちょうみりょういれ,1400,350 ,たぬき商店,こもの
つくりかけのパズル,290,72 ,たぬき商店,こもの
つまれたほん,非売品,725 ,DIY,こもの
つみきのおもちゃ,非売品,460 ,DIY,こもの
ティーセット,1000,250 ,たぬき商店,こもの
テーブルクリスマスツリー,非売品,930 ,DIY,こもの
テーブルセッティング,720,180 ,たぬき商店,こもの
テーブルランプ,1100,275 ,たぬき商店,こもの
デコイ,非売品,480 ,DIY,こもの
デジタルアラームどけい,1600,400 ,たぬき商店,こもの
てじなセット,980,245 ,たぬき商店,こもの
デスクトップPC,100000,25000 ,たぬき商店,こもの
テラリウム,非売品,1740 ,DIY,こもの
でんしこうさくセット,1300,325 ,たぬき商店,こもの
でんしレンジ,3000,750 ,たぬき商店,こもの
とうきのジャグ,非売品,800 ,DIY,こもの
どうのおうちトロフィー,非売品,400 ,ハッピーホームアカデミー,こもの
どうのサカナトロフィー,非売品,400 ,つり大会,こもの
どうのムシトロフィー,非売品,400 ,ムシとり大会,こもの
どうぶつのもりのSwitch,35960,8990 ,Ver1.1.0にアップデート後、Joy-Con (L)/(R)( 『あつまれ　どうぶつの森』)で遊ぶ,こもの
にほんとう,非売品,2500 ,ジョニー,こもの
ニュートンのゆりかご,1300,325 ,たぬき商店,こもの
ネイルアートセット,1000,250 ,たぬき商店,こもの
ネコぐさ,670,167 ,たぬき商店,こもの
ねんどのおもちゃ,非売品,400 ,DIY,こもの
ノートパソコン,70000,17500 ,たぬき商店,こもの
ノームのおきもの,1900,475 ,たぬき商店,こもの
バースデーキャンドル,非売品,300 ,誕生日,こもの
バースデーケーキ,非売品,100 ,誕生日,こもの
ははのキャンドル,非売品,88 ,誕生日,こもの
ははのクッション,非売品,88 ,はは,こもの
ははのティッシュケース,非売品,88 ,はは,こもの
ははのてづくりケーキ,非売品,88 ,はは,こもの
ははのぬいぐるみ,非売品,88 ,はは,こもの
ははのペンたて,非売品,88 ,はは,こもの
ははのポットカバー,非売品,88 ,はは,こもの
ハムスターのかご,870,217 ,たぬき商店,こもの
はりこのとら,1500,375 ,たぬき商店,こもの
パンダのシャオシャオ,1800,450 ,たぬき商店,こもの
バンブードラム,非売品,720 ,DIY,こもの
ビーチボール,430,107 ,たぬき商店,こもの
ビオトープ,1600,400 ,たぬき商店,こもの
ピクニックバスケット,1300,325 ,たぬき商店,こもの
ヒヤシンスのランプ,非売品,3000 ,DIY,こもの
ビンゴマシン,1000,250 ,たぬき商店,こもの
ファクシミリ,1500,375 ,たぬき商店,こもの
ブックスタンド,1100,275 ,たぬき商店,こもの
フライパン,非売品,1500 ,DIY,こもの
プラズマボール,2600,650 ,たぬき商店,こもの
フラダンスにんぎょう,非売品,1200 ,ジョニー,こもの
ブリキのバケツ,1000,250 ,たぬき商店,こもの
フルーツウォーターサーバー,非売品,3000 ,DIY,こもの
フルーツバスケット,非売品,1000 ,DIY,こもの
フロアサイン,890,222 ,たぬき商店,こもの
プロテインシェイカー,1400,350 ,たぬき商店,こもの
ぶんごうセット,650,162 ,たぬき商店,こもの
ペットのごはん,830,207 ,たぬき商店,こもの
ベルつきアラームクロック,1200,300 ,たぬき商店,こもの
ほうちょうスタンド,1200,300 ,たぬき商店,こもの
ポータブルレコードプレーヤー,4000,1000 ,たぬき商店,こもの
ボードゲーム,1300,325 ,たぬき商店,こもの
ボール,520,130 ,たぬき商店,こもの
ボックスティッシュ,180,45 ,たぬき商店,こもの
ポップアップトースター,2300,575 ,たぬき商店,こもの
ボトルシップ,1800,450 ,たぬき商店,こもの
ポリタンク,680,170 ,たぬき商店,こもの
ほん,290,72 ,たぬき商店,こもの
マガジンラック,非売品,690 ,DIY,こもの
まき,非売品,960 ,DIY,こもの
マグカップ,460,115 ,たぬき商店,こもの
マツのぼんさい,非売品,4200 ,DIY,こもの
マトリョーシカ,非売品,600 ,DIY,こもの
まねきねこ,非売品,1675 ,ジョニー,こもの
まんがかセット,1200,300 ,たぬき商店,こもの
ミキサー,1400,350 ,たぬき商店,こもの
ミシン,2100,525 ,たぬき商店,こもの
みずきりラック,530,132 ,たぬき商店,こもの
ミニサボテンセット,400,100 ,たぬき商店,こもの
メトロノーム,1300,325 ,たぬき商店,こもの
もくぎょ,非売品,360 ,DIY,こもの
もくせいテーブルミラー,非売品,1110 ,DIY,こもの
もくせいのこうぐばこ,非売品,1980 ,DIY,こもの
モモのびっくりばこ,非売品,2480 ,DIY,こもの
やかん,710,177 ,たぬき商店,こもの
やじろべえ,非売品,1840 ,DIY,こもの
ゆびわ,69000,17250 ,たぬき商店,こもの
ラジカセ,2900,725 ,たぬき商店,こもの
ラタンのタオルバスケット,1800,450 ,たぬき商店,こもの
ラタンのテーブルランプ,1500,375 ,たぬき商店,こもの
ランタン,1900,475 ,たぬき商店,こもの
リブラのてんびん,非売品,21750 ,DIY,こもの
レコードボックス,2600,650 ,たぬき商店,こもの
わなげ,非売品,480 ,DIY,こもの
Nintendo Switch,29980,7495 ,Ver1.1.0にアップデートする,こもの
DALの飛行機模型,非売品,1010 ,飛行機に300回乗る,こもの
DALマグカップ,非売品,1010 ,飛行機に50回乗る,こもの
TOYなオーディオ,3200,800 ,たぬき商店,こもの
TOYなコンテナ,2000,500 ,たぬき商店,こもの
TOYなフィギュア,1400,350 ,たぬき商店,こもの
TOYなミラー,1800,450 ,たぬき商店,こもの
アイアンウォールラック,非売品,2450 ,DIY,かべかけ
アイアンウォールランプ,非売品,3400 ,DIY,かべかけ
アイアンウッドクロック,非売品,1740 ,DIY,かべかけ
アイアンなドアプレート,非売品,1500 ,DIY,かべかけ
あおいバラのリース,非売品,20000 ,DIY,かべかけ
アカデミーのきんのたて,非売品,450 ,DIY,かべかけ
アカデミーのぎんのたて,非売品,425 ,DIY,かべかけ
アカデミーのどうのたて,非売品,400 ,DIY,かべかけ
アカデミーのペナント,非売品,375 ,DIY,かべかけ
アネモネのリース,非売品,720 ,DIY,かべかけ
アンティークなでんわ,16000,4000 ,たぬき商店,かべかけ
イースターなウォールクロック,非売品,1200 ,DIY,かべかけ
イースターなライトガーランド,非売品,2400 ,DIY,かべかけ
イースターなリース,非売品,2400 ,DIY,かべかけ
いちまいいたのかんばん,非売品,600 ,DIY,かべかけ
インターフォンモニター,860,215 ,たぬき商店,かべかけ
ウォールクロック,690,172 ,たぬき商店,かべかけ
エアコン,63000,15750 ,たぬき商店,かべかけ
エンブレムなドアプレート,非売品,3000 ,DIY,かべかけ
おうごんのはぐるま,非売品,11125 ,DIY,かべかけ
オーナメントのモビール,非売品,340 ,DIY,かべかけ
オーナメントのリース,非売品,800 ,DIY,かべかけ
おサカナのドアプレート,非売品,90 ,つり大会,かべかけ
オリエンタルなかざりだな,6500,1625 ,たぬき商店,かべかけ
オレンジのかべかけどけい,非売品,2240 ,DIY,かべかけ
かいがらのリース,非売品,4720 ,DIY,かべかけ
がくしゅうポスター,640,160 ,たぬき商店,かべかけ
かけじく,14000,3500 ,たぬき商店,かべかけ
かせきのドアプレート,非売品,500 ,DIY,かべかけ
かべかけカジキ,5000,1250 ,たぬき商店,かべかけ
かべかけスポットライト,2300,575 ,たぬき商店,かべかけ
かべかけせんぷうき,1400,350 ,たぬき商店,かべかけ
かべかけチョウチョウウオ,1300,325 ,たぬき商店,かべかけ
かべかけツールハンガー,1500,375 ,たぬき商店,かべかけ
かべかけテレビ20インチ,8900,2225 ,たぬき商店,かべかけ
かべかけテレビ50インチ,22000,5500 ,たぬき商店,かべかけ
かべかけでんわ,1300,325 ,たぬき商店,かべかけ
かべかけのキャンドル,800,200 ,たぬき商店,かべかけ
かべかけのはっぱ,非売品,1100 ,DIY,かべかけ
かべかけブラックバス,1300,325 ,たぬき商店,かべかけ
カマキリヘッド,1500,375 ,たぬき商店,かべかけ
かんきせん,1200,300 ,たぬき商店,かべかけ
かんしカメラ,1000,250 ,たぬき商店,かべかけ
キーハンガー,非売品,1110 ,DIY,かべかけ
キクのリース,非売品,720 ,DIY,かべかけ
キッチンつるし,3000,750 ,たぬき商店,かべかけ
きのえだのリース,非売品,100 ,DIY,かべかけ
キノコのリース,非売品,1500 ,DIY,かべかけ
きのみのモビール,非売品,2030 ,DIY,かべかけ
キュートなかべかけどけい,1200,300 ,たぬき商店,かべかけ
キュートなコスモスのリース,非売品,1200 ,DIY,かべかけ
キュートなチューリップのリース,非売品,2400 ,DIY,かべかけ
ぎょたく,非売品,700 ,つり大会,かべかけ
きんのバラのリース,非売品,20000 ,DIY,かべかけ
クールなアネモネのリース,非売品,1200 ,DIY,かべかけ
クールなパンジーのリース,非売品,4800 ,DIY,かべかけ
クールなヒヤシンスのリース,非売品,1440 ,DIY,かべかけ
クモのす,非売品,25 ,ムシとり大会,かべかけ
コスモスのリース,非売品,720 ,DIY,かべかけ
コルクボード,1400,350 ,たぬき商店,かべかけ
さくらクロック,非売品,2750 ,DIY,かべかけ
さくらんぼのランプ,非売品,2400 ,DIY,かべかけ
サジタリアスのや,非売品,21750 ,DIY,かべかけ
しかのオブジェ,非売品,960 ,DIY,かべかけ
しきし,1400,350 ,たぬき商店,かべかけ
シックなアネモネのリース,非売品,4800 ,DIY,かべかけ
シックなコスモスのリース,非売品,4800 ,DIY,かべかけ
シャワーセット,1800,450 ,たぬき商店,かべかけ
スイッチ,340,85 ,たぬき商店,かべかけ
スターなガーランド,非売品,5000 ,DIY,かべかけ
スパイダーなドアプレート,非売品,90 ,ムシとり大会,かべかけ
スワッグ,非売品,200 ,DIY,かべかけ
セントラルヒーティング,1300,325 ,たぬき商店,かべかけ
ダークなチューリップのリース,非売品,1600 ,DIY,かべかけ
ダークなバラのリース,非売品,4320 ,DIY,かべかけ
ダークなユリのリース,非売品,1600 ,DIY,かべかけ
ダイナーなネオンクロック,1500,375 ,たぬき商店,かべかけ
たいりょうき,2200,550 ,たぬき商店,かべかけ
タオルラック,1400,350 ,たぬき商店,かべかけ
たけのいちりんざし,非売品,160 ,DIY,かべかけ
タペストリー,880,220 ,たぬき商店,かべかけ
ちゅうかなランタン,19000,4750 ,たぬき商店,かべかけ
チューリップのリース,非売品,720 ,DIY,かべかけ
つみきウォールクロック,非売品,1350 ,DIY,かべかけ
ドクロなドアプレート,540,135 ,たぬき商店,かべかけ
ナチュラルなキクのリース,非売品,4800 ,DIY,かべかけ
にくきゅうのドアプレート,非売品,360 ,DIY,かべかけ
パーティーのかざり,650,162 ,たぬき商店,かべかけ
ハートなドアプレート,600,150 ,たぬき商店,かべかけ
はぐるま,1500,375 ,たぬき商店,かべかけ
ハチヘッド,2500,625 ,たぬき商店,かべかけ
バッタヘッド,1400,350 ,たぬき商店,かべかけ
はとどけい,3200,800 ,たぬき商店,かべかけ
ははのアート,非売品,88 ,はは,かべかけ
ははのししゅうかざり,非売品,88 ,はは,かべかけ
バラのリース,非売品,720 ,DIY,かべかけ
ハンギングテラリウム,非売品,3240 ,DIY,かべかけ
パンジーのリース,非売品,720 ,DIY,かべかけ
ひじょうぐち,810,202 ,たぬき商店,かべかけ
ヒヤシンスのリース,非売品,720 ,DIY,かべかけ
ひょうしょうじょう,620,155 ,たぬき商店,かべかけ
ファンシーなキクのリース,非売品,1200 ,DIY,かべかけ
ファンシーなバラのリース,非売品,1200 ,DIY,かべかけ
ファンシーなユリのリース,非売品,1200 ,DIY,かべかけ
ブーメラン,非売品,360 ,DIY,かべかけ
ふりこどけい,1900,475 ,たぬき商店,かべかけ
フルーツのリース,非売品,2000 ,DIY,かべかけ
ブレーカー,820,205 ,たぬき商店,かべかけ
ペナント,1300,325 ,たぬき商店,かべかけ
ほうきとちりとり,910,227 ,たぬき商店,かべかけ
ボーンなドアプレート,非売品,360 ,DIY,かべかけ
ポップなパンジーのリース,非売品,1200 ,DIY,かべかけ
マグネットナイフラック,1400,350 ,たぬき商店,かべかけ
マクラメタペストリー,840,210 ,たぬき商店,かべかけ
まるたのかべかけどけい,非売品,990 ,DIY,かべかけ
むらさきのヒヤシンスのリース,非売品,4800 ,DIY,かべかけ
モビール,780,195 ,たぬき商店,かべかけ
ヤシのウォールプランター,非売品,600 ,DIY,かべかけ
ゆきのけっしょうのリース,非売品,1600 ,DIY,かべかけ
ユリのリース,非売品,720 ,DIY,かべかけ
りょうめんウォールクロック,非売品,1100 ,DIY,かべかけ
レオのちょうこく,非売品,21975 ,DIY,かべかけ
ログなドアプレート,非売品,400 ,DIY,かべかけ
TOYなウォールクロック,非売品,4200 ,DIY,かべかけ
