name,price,sales,get
アートモザイクタイルのかべ,1450,362,たぬき商店
アイスなかべがみ,非売品,8200,DIY
あおいキッズルームのかべ,2540,635,たぬき商店
あおいくさばなもようのかべ,1760,440,たぬき商店
あおいこばながらのかべがみ,1900,475,たぬき商店
あおいシンプルクロス,750,187,たぬき商店
あおいダイナーのかべ,2420,605,たぬき商店
あおいタイルのかべ,1420,355,たぬき商店
あおいツートンタイルのかべ,1850,462,たぬき商店
あおいテキストタイルのかべ,1570,392,たぬき商店
あおいハニカムタイルのかべ,1680,420,たぬき商店
あおいパネルモールドかべ,1980,495,たぬき商店
あおいバラのかべがみ,1720,430,たぬき商店
あおいペイントウォール,1600,400,たぬき商店
あおいペイントウッドのかべ,1650,412,たぬき商店
あおいメトロタイルのかべ,1340,335,たぬき商店
あかいキュートなかべ,1880,470,たぬき商店
あかいこばらがなのかべがみ,1900,475,たぬき商店
あかいツートンタイルのかべ,1850,462,たぬき商店
あかいテキスタイルのかべ,1570,392,たぬき商店
あかいパンチングボードのかべ,1180,295,たぬき商店
あかレンガのかべ,1000,250,たぬき商店
あきちのかべ,3000,750,ローラン
アトリエのかべ,3000,750,ローラン
アブストラクトなかべ,1560,390,たぬき商店
あらしのよるのかべ,3000,750,ローラン
イースターなかべがみ,非売品,4800,DIY
イエローキルトのかべ,2150,537,たぬき商店
イエローストライプのかべ,1520,380,たぬき商店
イエローハットのかべがみ,1280,320,たぬき商店
いしのかべ,非売品,1500,DIY
いせきのかべ,3000,750,ローラン
いちごチョコなかべ,3000,750,ローラン
ウェーブタイルのかべ,1740,435,たぬき商店
うちゅうせんのかべ,非売品,7500,DIY
ウッディなかべ,非売品,1800,DIY
うらにわのかべ,3000,750,ローラン
エジプトなかべ,3000,750,ローラン
おうごんのかべ,非売品,40000,DIY
おうちょうのかべ,3000,750,ローラン
おおうなばらのかべ,3000,750,ローラン
オーバーテクノロジー,3000,750,ローラン
おサカナのかべがみ,非売品,805,つり大会
おちついたちゃしつのかべ,1750,437,たぬき商店
オフィスのかべ,3000,750,ローラン
オリエンタルなかべ,1780,445,たぬき商店
オリエンタルなラティス,1780,445,たぬき商店
オレンジのかべがみ,非売品,4000,DIY
オレンジのパネルモールドかべ,1980,495,たぬき商店
オレンジのペイントウォール,1600,400,たぬき商店
オレンジめいさいのかべがみ,1150,287,たぬき商店
がいろじゅのかべ,3000,750,ローラン
かざんどうくつのかべ,3000,750,ローラン
かしきんこのかべ,3000,750,ローラン
カフェカーテンのかべ,3000,750,ローラン
カラフルタイルのかべ,1420,355,たぬき商店
カラフルパズルかべがみ,1540,385,たぬき商店
きいろいキッズルームのかべがみ,2540,635,たぬき商店
きいろいキュートなかべ,1880,470,たぬき商店
きいろいテキスタイルのかべ,1570,392,たぬき商店
きいろいはながらかべがみ,1780,445,たぬき商店
きいろいペイントウォール,1600,400,たぬき商店
キッスのかべがみ,3000,750,ローラン
キノコのかべがみ,非売品,21400,DIY
キノコのもりのかべ,非売品,44000,DIY
きばんのかべ,3000,750,ローラン
きみどりモロッカンタイルかべ,2440,610,たぬき商店
キャッチーなかべ,1220,305,たぬき商店
きゅうでんのかべ,3000,750,ローラン
きれいなガラスのかべ,2150,537,たぬき商店
きんぱくのふすま,非売品,20750,DIY
くものうえのかべ,3000,750,ローラン
クラシックなかべがみ,1960,490,たぬき商店
グリーンのこばながらのかべがみ,1900,475,たぬき商店
グリーンのはながらかべがみ,1780,445,たぬき商店
クリスマスなかべ,非売品,2500,DIY
グレーのトタンかべ,620,155,たぬき商店
グレーのパネルモールドかべ,1980,495,たぬき商店
くろいパンチングボードのかべ,1180,295,たぬき商店
くろいホールのかべ,2000,500,たぬき商店
くろいボタニカルタイルのかべ,1240,310,たぬき商店
くろレンガのかべ,1000,250,たぬき商店
けいこべやのかべ,3000,750,ローラン
ゲレンデなかべがみ,非売品,3200,DIY
こうげんなかべ,3000,750,ローラン
こうじげんばのかべ,3000,750,ローラン
こうやのかべ,3000,750,ローラン
こうようのかべ,非売品,4700,DIY
こくばんのかべ,3000,750,ローラン
こげちゃのヘリンボーンのかべ,非売品,1800,DIY
こげちゃのホールのかべ,2000,500,たぬき商店
こけにわのかべ,3000,750,ローラン
こさめのふるかべ,3000,750,ローラン
ゴミのやまなかべ,非売品,120,DIY
コンクリートのかべ,940,235,たぬき商店
サーバールームのかべ,3000,750,ローラン
サイケなかべがみ,1280,320,たぬき商店
さくらなみきのかべ,非売品,4600,DIY
さくらのウッドウォール,非売品,3200,DIY
さくらんぼのかべがみ,非売品,4000,DIY
さばくなかべ,3000,750,ローラン
さんちょうのかべ,3000,750,ローラン
しっくいのへい,3000,750,ローラン
シックなちゃしつのかべ,1750,437,たぬき商店
シャッターのかべ,3000,750,ローラン
ジャングルのかべがみ,非売品,1380,DIY
じゅかいなかべ,非売品,1380,DIY
しょうじ,1880,470,たぬき商店
しろいキュートなかべ,1880,470,たぬき商店
しろいこばながらのかべがみ,1900,475,たぬき商店
しろいシンプルクロス,750,187,たぬき商店
しろいダイナーのかべ,2420,605,たぬき商店
しろいハニカムタイルのかべ,1680,420,たぬき商店
しろいバラのかべがみ,1720,430,たぬき商店
しろいパンチングボードのかべ,1180,295,たぬき商店
しろいペイントウッドのかべ,1650,412,たぬき商店
しろいホールのかべ,2000,500,たぬき商店
しろいボタニカルのかべ,1240,310,たぬき商店
しろいメトロタイルのかべ,1340,335,たぬき商店
しろレンガのかべ,1000,250,たぬき商店
シンプルパネルのかべ,600,150,たぬき商店
すいちゅうのかべがみ,非売品,8600,DIY
すいへいせんのかべ,3000,750,ローラン
スカルなかべがみ,3000,750,たぬき商店
スターなかべ,非売品,7500,DIY
スタジアムのかべ,3000,750,ローラン
すだれのかべ,1770,442,たぬき商店
スタンダードなちゃしつのかべ,1750,437,たぬき商店
ストリートアートのかべ,3000,750,ローラン
ストローなかべ,3000,750,ローラン
スノーフレークのかべがみ,非売品,4800,DIY
セビアパズルかべがみ,1540,385,たぬき商店
ダークなよせぎのかべ,非売品,1800,DIY
たぬきかいはつのかべがみ,1200,6000,たぬきマイル交換
たまのれんがのかべ,1720,430,たぬき商店
ちかろうのかべ,3000,750,ローラン
ちくりんのかべ,非売品,4300,DIY
ちそうのかべがみ,3000,750,ローラン
チャイナなかべ,3000,750,ローラン
ちゃいろいダイナーのかべ,2420,605,たぬき商店
ちゃいろいヘリンボーンのかべ,非売品,1800,DIY
ちゃいろいホールのかべ,2000,500,たぬき商店
ちゃいろいレンガのかべ,1000,250,たぬき商店
ちゃいろのトタンかべ,620,155,たぬき商店
ちりめんもようのかべがみ,1550,387,たぬき商店
つたのかべ,3000,750,ローラン
てっこつのかべ,非売品,6000,DIY
でんえんふうけいのかべ,3000,750,ローラン
どんちょうのかべ,3000,750,ローラン
ナシのかべがみ,非売品,4000,DIY
パーティーなかべがみ,非売品,370,誕生日
パープルキルトのかべ,2150,537,たぬき商店
パープルドットのかべがみ,1100,275,たぬき商店
パープルパズルのかべがみ,1540,385,たぬき商店
パープルめいさいのかべがみ,1150,287,たぬき商店
はいきょのかべ,3000,750,ローラン
パステルドットのかべがみ,1100,275,たぬき商店
パステルパズルかべがみ,1540,385,たぬき商店
バタフライなかべがみ,非売品,840,ムシとり大会
ハニカムタイルのかべ,1680,420,たぬき商店
バラのかべがみ,1720,430,たぬき商店
はんちくのかべ,1800,450,たぬき商店
パンチングボードのかべ,1180,295,たぬき商店
バンブーなかべ,非売品,2400,DIY
ビーハイブなかべ,非売品,3600,DIY
ビターチョコなかべ,3000,750,ローラン
ひょうざんのかべ,非売品,4000,DIY
ピンクキルトのかべ,2150,587,たぬき商店
ピンククラウンのかべ,2350,587,たぬき商店
ピンクストライプのかべがみ,1520,380,たぬき商店
ピンクのキッズルームのかべがみ,2540,635,たぬき商店
ピンクのくさばなもようのかべ,1760,440,たぬき商店
ピンクのシンプルクロス,750,187,たぬき商店
ピンクのトタンかべ,620,155,たぬき商店
ピンクのはながらのかべがみ,1780,445,たぬき商店
ピンクのペイントウッドのかべ,1650,412,たぬき商店
ピンクハートのかべがみ,1280,320,たぬき商店
ファクトリーなかべ,3000,750,ローラン
ふしありウッドウォール,非売品,1800,DIY
ふすま,3000,750,たぬき商店
ブラウンクラウンのかべがみ,2350,587,たぬき商店
ブラウンボタニカルタイルのかべ,1240,310,たぬき商店
ブラッククラウンのかべがみ,2350,587,たぬき商店
ブルーキルトのかべ,2150,537,たぬき商店
ブルークラウンのかべがみ,2350,587,たぬき商店
ブルーストライプのかべがみ,1520,380,たぬき商店
ブルーなキュートのかべ,1880,470,たぬき商店
ブルーのトタンかべ,620,155,たぬき商店
ブルーのはながらかべがみ,1781,445,たぬき商店
ブルーなモロッカンタイルかべ,2440,610,たぬき商店
ブルーハートのかべがみ,1280,320,たぬき商店
ブルーめいさいのかべがみ,1150,287,たぬき商店
プロレスのかべ,3000,750,たぬき商店
ベージュのアールデコかべがみ,2780,695,たぬき商店
ベージュのくさばなもようのかべ,1760,440,たぬき商店
ベージュのシンプルクロス,750,187,たぬき商店
ベージュのモロッカンタイルかべ,2440,610,たぬき商店
ほしぞらのかべ,非売品,7500,DIY
ボタニカルタイルのかべ,1240,310,たぬき商店
ボルダリングのかべ,3000,750,ローラン
ボロいかべがみ,200,50,たぬき商店
ボロいつちかべ,200,50,たぬき商店
ホワイトチョコなかべ,3000,750,ローラン
まてんろうのかべ,3000,750,ローラン
まんがライブラリーなかべ,非売品,1050,DIY
マングローブのかべ,3000,750,ローラン
みずいろタイルのかべ,1420,355,たぬき商店
ミックスウッドのかべ,非売品,1800,DIY
みどりのキッズルームのかべがみ,2540,635,たぬき商店
みどりのくさばなもようのかべ,1760,440,たぬき商店
みどりのテキスタイルのかべ,1570,392,たぬき商店
みどりのハニカムタイルのかべ,1680,420,たぬき商店
みどりのパネルモールドかべ,1980,495,たぬき商店
みどりのペイントウォール,1600,400,たぬき商店
みどりのペイントウッドのかべ,1650,412,たぬき商店
みなみのうみなかべ,非売品,6000,DIY
むらさきのバラのかべがみ,1720,430,たぬき商店
むらさきのモロッカンタイルかべ,2440,610,たぬき商店
めいさいのかべがみ,1150,287,たぬき商店
モダンなしょうじ,1150,287,たぬき商店
モダンなちゃしつのかべ,1750,437,たぬき商店
モニタールームのかべ,3000,750,ローラン
モノクロストライプのかべがみ,1520,380,たぬき商店
モノクロタイルのかべ,1420,355,たぬき商店
ももいろツートンタイルのかべ,1850,462,たぬき商店
モノクロドットのかべがみ,1100,275,たぬき商店
ももいろダイナーのかべ,2420,605,たぬき商店
ももいろツートンタイルのかべ,1580,462,たぬき商店
モモのかべがみ,非売品,4000,DIY
やけいのかべ,3000,750,ローラン
よくあるかべ,800,200,たぬき商店
よせぎのかべ,非売品,1800,DIY
ライブラリーなかべ,非売品,1450,DIY
ラボのかべ,3000,750,ローラン
ランダムストーンのかべ,非売品,1750,DIY
リンゴのかべがみ,非売品,4000,DIY
ルネッサンスなかべ,2450,612,たぬき商店
レッドドットのかべがみ,1100,275,たぬき商店
レッドのアールデコかべがみ,2780,695,たぬき商店
レッドハートのかべがみ,1280,320,たぬき商店
レトロなはながらのかべがみ,1660,415,たぬき商店
ログハウスのかべ,非売品,1800,DIY
ワイルドウッドのかべ,非売品,1800,DIY